Route,Tables,Build,Status
/page.tsx,,Marketing,⚠️ PARTIAL_DB
/find-workone/page.tsx,,Marketing,⚠️ PARTIAL_DB
/find-workone/find-workone/page.tsx,,Marketing,⚠️ PARTIAL_DB
/find-workone/find-workone/[region]/page.tsx,,Marketing,⚠️ PARTIAL_DB
/attendance-policy/page.tsx,,Marketing,⚠️ PARTIAL_DB
/videos/page.tsx,videos,Marketing,✅ DB_ONLY
/videos/[videoId]/page.tsx,videos,Marketing,✅ DB_ONLY
/syllabi/page.tsx,,Marketing,⚠️ PARTIAL_DB
/downloads/page.tsx,documents,Marketing,✅ DB_ONLY
/access-paused/page.tsx,,Marketing,⚠️ PARTIAL_DB
/proctor/page.tsx,,Marketing,⚠️ PARTIAL_DB
/proctor/session/[id]/page.tsx,,Marketing,⚠️ PARTIAL_DB
/proctor/new/page.tsx,,Marketing,⚠️ PARTIAL_DB
/hire-graduates/page.tsx,,Marketing,⚠️ PARTIAL_DB
/hire-graduates/hire-graduates/page.tsx,students,Marketing,✅ DB_ONLY
/implementation/page.tsx,,Marketing,⚠️ PARTIAL_DB
/instructor/[...path]/page.tsx,,Marketing,⚠️ PARTIAL_DB
/instructor/instructors/performance/page.tsx,instructor_assignments;instructor_profiles,Marketing,✅ DB_ONLY
/career-training-indiana/page.tsx,,Marketing,⚠️ PARTIAL_DB
/dashboards/page.tsx,,Marketing,⚠️ PARTIAL_DB
/pay/page.tsx,,Marketing,⚠️ PARTIAL_DB
/pay/pay/page.tsx,,Marketing,⚠️ PARTIAL_DB
/status/page.tsx,,Marketing,⚠️ PARTIAL_DB
/status/application/page.tsx,,Marketing,⚠️ PARTIAL_DB
/payment-error/page.tsx,,Marketing,⚠️ PARTIAL_DB
/for-employers/page.tsx,,Marketing,⚠️ PARTIAL_DB
/credentials/page.tsx,,Marketing,⚠️ PARTIAL_DB
/government/page.tsx,,Marketing,⚠️ PARTIAL_DB
/schools/mesmerized-by-beauty/page.tsx,,Marketing,⚠️ PARTIAL_DB
/admin/page.tsx,,Admin,⚠️ PARTIAL_DB
/admin/learning-paths/page.tsx,learning_paths,Admin,✅ DB_ONLY
/admin/videos/page.tsx,videos,Admin,✅ DB_ONLY
/admin/videos/upload/page.tsx,,Admin,⚠️ PARTIAL_DB
/admin/exam-authorizations/page.tsx,exam_authorization_queue;profiles,Admin,✅ DB_ONLY
/admin/content/page.tsx,,Admin,⚠️ PARTIAL_DB
/admin/content/editor/page.tsx,,Admin,⚠️ PARTIAL_DB
/admin/instructor/dashboard/page.tsx,,Admin,⚠️ PARTIAL_DB
/admin/modules/page.tsx,modules;programs;training_modules,Admin,✅ DB_ONLY
/admin/sops/page.tsx,sop_templates,Admin,✅ DB_ONLY
/admin/sops/[id]/page.tsx,,Admin,⚠️ PARTIAL_DB
/admin/timeclock/page.tsx,admin_alerts;apprentice_sites;apprentices;profiles;progress_entries,Admin,✅ DB_ONLY
/admin/credentials/page.tsx,credential_registry,Admin,✅ DB_ONLY
/admin/system-health/page.tsx,,Admin,⚠️ PARTIAL_DB
/admin/enrollment-jobs/page.tsx,enrollment_jobs,Admin,✅ DB_ONLY
/admin/data-import/page.tsx,,Admin,⚠️ PARTIAL_DB
/admin/shops/page.tsx,shop_applications;shop_required_docs_status;shops,Admin,✅ DB_ONLY
/admin/shops/geocoding/page.tsx,profiles;shops,Admin,✅ DB_ONLY
/admin/promo-codes/page.tsx,,Admin,⚠️ PARTIAL_DB
/admin/organization/page.tsx,,Admin,⚠️ PARTIAL_DB
/admin/organization/profile/page.tsx,,Admin,⚠️ PARTIAL_DB
/admin/instructor-credentials/page.tsx,,Admin,⚠️ PARTIAL_DB
/admin/security/page.tsx,,Admin,⚠️ PARTIAL_DB
/admin/jobs/page.tsx,employers;job_applications;job_placements;job_postings,Admin,✅ DB_ONLY
/admin/jobs/new/page.tsx,,Admin,⚠️ PARTIAL_DB
/admin/courses/page.tsx,,Admin,⚠️ PARTIAL_DB
/admin/courses/create/page.tsx,,Admin,⚠️ PARTIAL_DB
/admin/jri/page.tsx,program_enrollments,Admin,✅ DB_ONLY
/admin/jri/reports/page.tsx,jri_participants,Admin,✅ DB_ONLY
/admin/jri/participants/page.tsx,jri_participants,Admin,✅ DB_ONLY
/admin/verifications/page.tsx,id_verifications;profiles,Admin,✅ DB_ONLY
/admin/verifications/review/page.tsx,id_verifications;profiles,Admin,✅ DB_ONLY
/admin/rapids/page.tsx,rapids_progress_updates;rapids_registrations;rapids_submissions,Admin,✅ DB_ONLY
/admin/grants/page.tsx,grants,Admin,✅ DB_ONLY
/admin/grants/workflow/page.tsx,grant_applications;grant_entities;grants;profiles,Admin,✅ DB_ONLY
/admin/grants/intake/page.tsx,grant_opportunities,Admin,✅ DB_ONLY
/admin/grants/snap-et/page.tsx,,Admin,⚠️ PARTIAL_DB
/admin/grants/revenue/page.tsx,grant_applications,Admin,✅ DB_ONLY
/admin/grants/applications/page.tsx,grant_applications,Admin,✅ DB_ONLY
/admin/grants/applications/new/page.tsx,,Admin,⚠️ PARTIAL_DB
/admin/grants/submissions/page.tsx,grant_submissions;profiles,Admin,✅ DB_ONLY
/admin/grants/opportunities/page.tsx,grant_opportunities,Admin,✅ DB_ONLY
/admin/student-access/page.tsx,,Admin,⚠️ PARTIAL_DB
/admin/employers/page.tsx,employers,Admin,✅ DB_ONLY
/admin/employers/onboarding/page.tsx,employer_onboarding;employer_onboarding_progress,Admin,✅ DB_ONLY
/admin/employees/page.tsx,employees,Admin,✅ DB_ONLY
/admin/cohorts/page.tsx,cohorts;programs,Admin,✅ DB_ONLY
/admin/licenses/page.tsx,licenses,Admin,✅ DB_ONLY
/admin/licenses/create/page.tsx,tenants,Admin,✅ DB_ONLY
/admin/referrals/page.tsx,referral_pipeline_summary;workforce_referrals,Admin,✅ DB_ONLY
/admin/apprenticeships/page.tsx,apprenticeship_enrollments;progress_entries,Admin,✅ DB_ONLY
/admin/video-generator/page.tsx,,Admin,⚠️ PARTIAL_DB
/admin/billing/page.tsx,addon_subscriptions;licenses;organization_subscriptions;subscription_plans,Admin,✅ DB_ONLY
/admin/billing/feature-flags/page.tsx,features,Admin,✅ DB_ONLY
/admin/billing/licenses/page.tsx,,Admin,⚠️ PARTIAL_DB
/admin/billing/usage/page.tsx,,Admin,⚠️ PARTIAL_DB
/admin/billing/subscriptions/page.tsx,organization_subscriptions,Admin,✅ DB_ONLY
/admin/billing/addons/page.tsx,saas_addon_catalog,Admin,✅ DB_ONLY
/admin/billing/plans/page.tsx,subscription_plans,Admin,✅ DB_ONLY
/admin/billing/invoices/page.tsx,,Admin,⚠️ PARTIAL_DB
/admin/affiliates/page.tsx,affiliate_applications;affiliate_payouts;affiliates,Admin,✅ DB_ONLY
/admin/communications/page.tsx,communications;email_templates;scheduled_messages,Admin,✅ DB_ONLY
/admin/communications/templates/page.tsx,email_templates,Admin,✅ DB_ONLY
/admin/communications/templates/new/page.tsx,,Admin,⚠️ PARTIAL_DB
/admin/communications/new/page.tsx,email_templates,Admin,✅ DB_ONLY
/admin/reports/page.tsx,profiles;program_completion_certificates;program_enrollments,Admin,✅ DB_ONLY
/admin/reports/charts/page.tsx,applications;enrollments;partner_completions;programs,Admin,✅ DB_ONLY
/admin/reports/leads/page.tsx,leads;profiles,Admin,✅ DB_ONLY
/admin/reports/users/page.tsx,profiles,Admin,✅ DB_ONLY
/admin/reports/reports/page.tsx,reports,Admin,✅ DB_ONLY
/admin/reports/caseload/page.tsx,profiles;program_enrollments,Admin,✅ DB_ONLY
/admin/reports/enrollment/page.tsx,courses;profiles;training_enrollments,Admin,✅ DB_ONLY
/admin/reports/financial/page.tsx,grant_applications;grant_opportunities;profiles;wotc_applications,Admin,✅ DB_ONLY
/admin/reports/partners/page.tsx,partner_enrollments;partner_inquiries;partners;profiles,Admin,✅ DB_ONLY
/admin/reports/wioa/page.tsx,participant_report;program_enrollments,Admin,✅ DB_ONLY
/admin/reports/samples/page.tsx,certificates;completions;courses;profiles;program_enrollments;programs,Admin,✅ DB_ONLY
/admin/operations/page.tsx,admin_alerts;cron_job_runs;workflow_dead_letters;workflow_runs;workflow_step_logs;workflows,Admin,✅ DB_ONLY
/admin/external-course-completions/page.tsx,external_course_completions;profiles,Admin,✅ DB_ONLY
/admin/mou/page.tsx,mou_signatures;mou_templates;partner_mous,Admin,✅ DB_ONLY
/admin/student-hours/page.tsx,apprenticeship_hours;profiles;programs,Admin,✅ DB_ONLY
/admin/hours-export/page.tsx,,Admin,⚠️ PARTIAL_DB
/admin/files/page.tsx,,Admin,⚠️ PARTIAL_DB
/admin/governance/page.tsx,,Admin,⚠️ PARTIAL_DB
/admin/governance/security/page.tsx,,Admin,⚠️ PARTIAL_DB
/admin/governance/data/page.tsx,,Admin,⚠️ PARTIAL_DB
/admin/governance/seo-indexing/page.tsx,,Admin,⚠️ PARTIAL_DB
/admin/governance/governance/security/page.tsx,,Admin,⚠️ PARTIAL_DB
/admin/governance/governance/operational-controls/page.tsx,,Admin,⚠️ PARTIAL_DB
/admin/governance/compliance/page.tsx,,Admin,⚠️ PARTIAL_DB
/admin/governance/legal/page.tsx,,Admin,⚠️ PARTIAL_DB
/admin/governance/contact/page.tsx,,Admin,⚠️ PARTIAL_DB
/admin/governance/authoritative-docs/page.tsx,compliance_documents,Admin,✅ DB_ONLY
/admin/governance/operational-controls/page.tsx,,Admin,⚠️ PARTIAL_DB
/admin/programs/page.tsx,courses;programs,Admin,✅ DB_ONLY
/admin/programs/catalog/page.tsx,programs,Admin,✅ DB_ONLY
/admin/notifications/page.tsx,notification_logs;notifications;profiles,Admin,✅ DB_ONLY
/admin/tenants/page.tsx,tenants,Admin,✅ DB_ONLY
/admin/intelligence/page.tsx,student_risk_status,Admin,✅ DB_ONLY
/admin/intelligence/forecast/page.tsx,program_enrollments;programs,Admin,✅ DB_ONLY
/admin/site-audit/page.tsx,,Admin,⚠️ PARTIAL_DB
/admin/system/page.tsx,,Admin,⚠️ PARTIAL_DB
/admin/system/jobs/page.tsx,job_queue;profiles,Admin,✅ DB_ONLY
/admin/system/webhooks/page.tsx,profiles,Admin,✅ DB_ONLY
/admin/docs/page.tsx,profiles,Admin,✅ DB_ONLY
/admin/docs/mou/page.tsx,mou_documents,Admin,✅ DB_ONLY
/admin/barber-shop-applications/page.tsx,barbershop_partner_applications;profiles,Admin,✅ DB_ONLY
/admin/api-keys/page.tsx,api_keys,Admin,✅ DB_ONLY
/admin/signatures/page.tsx,signature_documents;signatures,Admin,✅ DB_ONLY
/admin/funding/page.tsx,ita_vouchers;profiles;program_enrollments,Admin,✅ DB_ONLY
/admin/store/page.tsx,license_purchases;purchases;store_products,Admin,✅ DB_ONLY
/admin/store/catalog/page.tsx,,Admin,⚠️ PARTIAL_DB
/admin/review-queue/page.tsx,applications;profiles;review_queue,Admin,✅ DB_ONLY
/admin/dev-studio/page.tsx,,Admin,⚠️ PARTIAL_DB
/admin/dev-studio/api/page.tsx,,Admin,⚠️ PARTIAL_DB
/admin/dev-studio/performance/page.tsx,,Admin,⚠️ PARTIAL_DB
/admin/dev-studio/services/page.tsx,,Admin,⚠️ PARTIAL_DB
/admin/dev-studio/deployments/page.tsx,,Admin,⚠️ PARTIAL_DB
/admin/dev-studio/containers/page.tsx,,Admin,⚠️ PARTIAL_DB
/admin/dev-studio/database/page.tsx,,Admin,⚠️ PARTIAL_DB
/admin/dev-studio/subscriptions/page.tsx,,Admin,⚠️ PARTIAL_DB
/admin/dev-studio/image-seo/page.tsx,,Admin,⚠️ PARTIAL_DB
/admin/autopilot/page.tsx,delivery_logs;notifications;profiles;program_enrollments,Admin,✅ DB_ONLY
/admin/activity/page.tsx,applications;audit_logs;enrollments;profiles,Admin,✅ DB_ONLY
/admin/provider-applications/page.tsx,profiles;provider_applications,Admin,✅ DB_ONLY
/admin/partner-enrollments/page.tsx,partner_course_enrollments;profiles,Admin,✅ DB_ONLY
/admin/contracts/page.tsx,,Admin,⚠️ PARTIAL_DB
/admin/studio/page.tsx,,Admin,⚠️ PARTIAL_DB
/admin/studio/pages/page.tsx,,Admin,⚠️ PARTIAL_DB
/admin/studio/memory/page.tsx,,Admin,⚠️ PARTIAL_DB
/admin/studio/deployments/page.tsx,,Admin,⚠️ PARTIAL_DB
/admin/studio/media/page.tsx,,Admin,⚠️ PARTIAL_DB
/admin/studio/tasks/page.tsx,,Admin,⚠️ PARTIAL_DB
/admin/studio/builds/page.tsx,,Admin,⚠️ PARTIAL_DB
/admin/studio/settings/page.tsx,,Admin,⚠️ PARTIAL_DB
/admin/studio/agents/page.tsx,,Admin,⚠️ PARTIAL_DB
/admin/studio/course/page.tsx,,Admin,⚠️ PARTIAL_DB
/admin/studio/workflows/page.tsx,,Admin,⚠️ PARTIAL_DB
/admin/dashboard/page.tsx,,Admin,⚠️ PARTIAL_DB
/admin/dashboard/program-integrity/page.tsx,,Admin,⚠️ PARTIAL_DB
/admin/dashboard/etpl/page.tsx,,Admin,⚠️ PARTIAL_DB
/admin/integrations/page.tsx,,Admin,⚠️ PARTIAL_DB
/admin/integrations/google-classroom/page.tsx,profiles,Admin,✅ DB_ONLY
/admin/integrations/quickbooks/page.tsx,,Admin,⚠️ PARTIAL_DB
/admin/integrations/stripe/page.tsx,barber_payments;barber_subscriptions;cosmetology_subscriptions;payment_integrity_flags;program_enrollments;stripe_sessions_staging,Admin,✅ DB_ONLY
/admin/integrations/calendly/page.tsx,,Admin,⚠️ PARTIAL_DB
/admin/integrations/gemini/page.tsx,,Admin,⚠️ PARTIAL_DB
/admin/integrations/teams/page.tsx,,Admin,⚠️ PARTIAL_DB
/admin/integrations/env-manager/page.tsx,,Admin,⚠️ PARTIAL_DB
/admin/integrations/salesforce/page.tsx,,Admin,⚠️ PARTIAL_DB
/admin/platform/page.tsx,customer_workspaces;managed_licenses;operator_tasks;provisioning_jobs,Admin,✅ DB_ONLY
/admin/blog/page.tsx,blog_posts;profiles,Admin,✅ DB_ONLY
/admin/compliance/page.tsx,compliance_alerts;compliance_items;wioa_compliance_reports;wioa_participants,Admin,✅ DB_ONLY
/admin/compliance/automation/page.tsx,contract_templates;documents;grant_applications,Admin,✅ DB_ONLY
/admin/compliance/financial-assurance/page.tsx,financial_assurance_records;v_admin_financial_assurance_summary,Admin,✅ DB_ONLY
/admin/compliance/exports/page.tsx,profiles,Admin,✅ DB_ONLY
/admin/compliance/wioa-etpl/page.tsx,,Admin,⚠️ PARTIAL_DB
/admin/compliance/deletions/page.tsx,profiles,Admin,✅ DB_ONLY
/admin/hr/page.tsx,employees;leave_requests;payroll_runs;performance_reviews;time_off_requests,Admin,✅ DB_ONLY
/admin/hr/employees/page.tsx,employees,Admin,✅ DB_ONLY
/admin/hr/time/page.tsx,,Admin,⚠️ PARTIAL_DB
/admin/hr/leave/page.tsx,leave_requests;profiles,Admin,✅ DB_ONLY
/admin/hr/payroll/page.tsx,payroll_runs;profiles;w9_submissions,Admin,✅ DB_ONLY
/admin/incentives/page.tsx,incentives,Admin,✅ DB_ONLY
/admin/incentives/create/page.tsx,,Admin,⚠️ PARTIAL_DB
/admin/waitlist/page.tsx,waitlist,Admin,✅ DB_ONLY
/admin/enrollments/page.tsx,cohorts;courses;profiles;program_enrollments,Admin,✅ DB_ONLY
/admin/program-holder-documents/page.tsx,profiles;program_holder_documents,Admin,✅ DB_ONLY
/admin/students/page.tsx,profiles;program_enrollments,Admin,✅ DB_ONLY
/admin/students/export/page.tsx,programs,Admin,✅ DB_ONLY
/admin/students/[id]/binder/page.tsx,attendance;certificates;enrollments;student_documents;students,Admin,✅ DB_ONLY
/admin/home/page.tsx,,Admin,⚠️ PARTIAL_DB
/admin/partners/page.tsx,partner_applications;partners,Admin,✅ DB_ONLY
/admin/partners/lms-integrations/page.tsx,profiles,Admin,✅ DB_ONLY
/admin/partners/lms-integrations/[id]/page.tsx,partner_lms_courses;partner_lms_enrollments;partner_lms_providers;partner_lms_sync_logs,Admin,✅ DB_ONLY
/admin/partners/applications/page.tsx,partner_applications,Admin,✅ DB_ONLY
/admin/partners/applications/[id]/page.tsx,partner_applications,Admin,✅ DB_ONLY
/admin/curriculum/page.tsx,courses;curriculum_lessons;programs;training_courses;training_lessons,Admin,✅ DB_ONLY
/admin/curriculum/upload/page.tsx,,Admin,⚠️ PARTIAL_DB
/admin/settings/page.tsx,platform_settings,Admin,✅ DB_ONLY
/admin/settings/general/page.tsx,platform_settings,Admin,✅ DB_ONLY
/admin/settings/security/page.tsx,platform_settings,Admin,✅ DB_ONLY
/admin/settings/social-media/page.tsx,,Admin,⚠️ PARTIAL_DB
/admin/settings/nav/page.tsx,,Admin,⚠️ PARTIAL_DB
/admin/settings/notifications/page.tsx,platform_settings,Admin,✅ DB_ONLY
/admin/settings/email/page.tsx,platform_settings,Admin,✅ DB_ONLY
/admin/settings/integrations/page.tsx,,Admin,⚠️ PARTIAL_DB
/admin/settings/site-stats/page.tsx,platform_settings,Admin,✅ DB_ONLY
/admin/settings/payments/page.tsx,platform_settings,Admin,✅ DB_ONLY
/admin/settings/organization-profile/page.tsx,sos_organization_facts;sos_organizations,Admin,✅ DB_ONLY
/admin/audit-logs/page.tsx,,Admin,⚠️ PARTIAL_DB
/admin/audit-logs/audit-logs/page.tsx,,Admin,⚠️ PARTIAL_DB
/admin/marketplace/page.tsx,marketplace_creators;marketplace_products,Admin,✅ DB_ONLY
/admin/marketplace/creators/page.tsx,marketplace_creators,Admin,✅ DB_ONLY
/admin/marketplace/products/page.tsx,marketplace_products,Admin,✅ DB_ONLY
/admin/marketplace/payouts/page.tsx,marketplace_creators,Admin,✅ DB_ONLY
/admin/documents/page.tsx,documents,Admin,✅ DB_ONLY
/admin/documents/upload/page.tsx,,Admin,⚠️ PARTIAL_DB
/admin/documents/templates/page.tsx,,Admin,⚠️ PARTIAL_DB
/admin/documents/review/page.tsx,documents;profiles,Admin,✅ DB_ONLY
/admin/documents/print/page.tsx,,Admin,⚠️ PARTIAL_DB
/admin/payout-queue/page.tsx,profiles;program_enrollments;program_holders,Admin,✅ DB_ONLY
/admin/gradebook/page.tsx,courses,Admin,✅ DB_ONLY
/admin/snapshots/page.tsx,,Admin,⚠️ PARTIAL_DB
/admin/program-holder-acknowledgements/page.tsx,handbook_acknowledgments;program_holder_acknowledgements;program_holders,Admin,✅ DB_ONLY
/admin/ferpa/page.tsx,audit_logs;compliance_alerts;documents;profiles,Admin,✅ DB_ONLY
/admin/ferpa/directory-info/page.tsx,platform_settings,Admin,✅ DB_ONLY
/admin/ferpa/training/page.tsx,ferpa_training_records;profiles,Admin,✅ DB_ONLY
/admin/ferpa/consent-forms/page.tsx,documents,Admin,✅ DB_ONLY
/admin/ferpa/audit-log/page.tsx,audit_logs,Admin,✅ DB_ONLY
/admin/ferpa/access-requests/page.tsx,documents,Admin,✅ DB_ONLY
/admin/internal-docs/page.tsx,documents,Admin,✅ DB_ONLY
/admin/monitoring/page.tsx,monitoring_alerts,Admin,✅ DB_ONLY
/admin/monitoring/setup/page.tsx,,Admin,⚠️ PARTIAL_DB
/admin/certificates/page.tsx,profiles;program_completion_certificates;programs,Admin,✅ DB_ONLY
/admin/certificates/issue/page.tsx,certificate_templates;courses,Admin,✅ DB_ONLY
/admin/certificates/bulk/page.tsx,certificate_templates;certification_types;profiles;program_enrollments;user_certifications,Admin,✅ DB_ONLY
/admin/accreditation/page.tsx,accreditation_evidence;accreditation_standards,Admin,✅ DB_ONLY
/admin/accreditation/report/page.tsx,certificates;completions;lms_courses;profiles;program_enrollments;programs,Admin,✅ DB_ONLY
/admin/analytics/page.tsx,profiles;program_completion_certificates;program_enrollments;programs,Admin,✅ DB_ONLY
/admin/analytics/engagement/page.tsx,audit_logs;profiles,Admin,✅ DB_ONLY
/admin/analytics/employers/page.tsx,employers;job_placements;job_postings,Admin,✅ DB_ONLY
/admin/analytics/programs/page.tsx,program_completion_certificates;program_enrollments;programs,Admin,✅ DB_ONLY
/admin/analytics/analytics/page.tsx,profiles;program_completion_certificates;program_enrollments;programs,Admin,✅ DB_ONLY
/admin/analytics/revenue/page.tsx,payment_transactions,Admin,✅ DB_ONLY
/admin/analytics/learning/page.tsx,lesson_progress;profiles;program_completion_certificates;program_enrollments;programs,Admin,✅ DB_ONLY
/admin/payroll-cards/page.tsx,profiles,Admin,✅ DB_ONLY
/admin/workone-queue/page.tsx,applications;profiles;workforce_referrals,Admin,✅ DB_ONLY
/admin/testing-center/page.tsx,exam_bookings;exam_sessions;testing_slots,Admin,✅ DB_ONLY
/admin/delegates/page.tsx,delegates;profiles,Admin,✅ DB_ONLY
/admin/testing/page.tsx,testing_sessions,Admin,✅ DB_ONLY
/admin/at-risk/page.tsx,at_risk_students;profiles;program_enrollments,Admin,✅ DB_ONLY
/admin/workforce/page.tsx,workforce_cases;workforce_funding;workforce_participants,Admin,✅ DB_ONLY
/admin/workforce/cases/page.tsx,workforce_cases,Admin,✅ DB_ONLY
/admin/workforce/outcomes/page.tsx,workforce_participants,Admin,✅ DB_ONLY
/admin/workforce/reports/page.tsx,workforce_participants,Admin,✅ DB_ONLY
/admin/workforce/compliance/page.tsx,workforce_participants,Admin,✅ DB_ONLY
/admin/workforce/participants/page.tsx,workforce_participants,Admin,✅ DB_ONLY
/admin/workforce/participants/new/page.tsx,,Admin,⚠️ PARTIAL_DB
/admin/funding-verification/page.tsx,payment_integrity_flags;v_funding_verification_queue,Admin,✅ DB_ONLY
/admin/crm/page.tsx,appointments;campaigns;follow_ups;leads;profiles,Admin,✅ DB_ONLY
/admin/crm/leads/page.tsx,leads,Admin,✅ DB_ONLY
/admin/crm/follow-ups/page.tsx,crm_follow_ups,Admin,✅ DB_ONLY
/admin/crm/appointments/page.tsx,appointments,Admin,✅ DB_ONLY
/admin/crm/crm/page.tsx,appointments;campaigns;follow_ups;leads;profiles,Admin,✅ DB_ONLY
/admin/crm/crm/leads/page.tsx,leads,Admin,✅ DB_ONLY
/admin/crm/crm/leads/[id]/page.tsx,leads,Admin,✅ DB_ONLY
/admin/crm/crm/follow-ups/page.tsx,crm_follow_ups,Admin,✅ DB_ONLY
/admin/crm/crm/appointments/page.tsx,appointments,Admin,✅ DB_ONLY
/admin/crm/crm/contacts/page.tsx,marketing_contacts,Admin,✅ DB_ONLY
/admin/crm/crm/deals/page.tsx,crm_deals,Admin,✅ DB_ONLY
/admin/crm/crm/campaigns/page.tsx,campaigns;profiles,Admin,✅ DB_ONLY
/admin/crm/contacts/page.tsx,marketing_contacts,Admin,✅ DB_ONLY
/admin/crm/deals/page.tsx,crm_deals,Admin,✅ DB_ONLY
/admin/crm/campaigns/page.tsx,campaigns;profiles,Admin,✅ DB_ONLY
/admin/advanced-tools/page.tsx,,Admin,⚠️ PARTIAL_DB
/admin/partner-inquiries/page.tsx,partner_inquiries;profiles,Admin,✅ DB_ONLY
/admin/wioa/page.tsx,wioa_participants,Admin,✅ DB_ONLY
/admin/wioa/iep/page.tsx,individual_employment_plans,Admin,✅ DB_ONLY
/admin/wioa/documents/page.tsx,profiles;wioa_documents,Admin,✅ DB_ONLY
/admin/wioa/verify/page.tsx,documents;wioa_participants,Admin,✅ DB_ONLY
/admin/wioa/eligibility/page.tsx,applications,Admin,✅ DB_ONLY
/admin/staff-portal/page.tsx,handbook_acknowledgments;payroll_profiles;profiles;user_skills,Admin,✅ DB_ONLY
/admin/staff-portal/booth-renters/page.tsx,booth_rental_subscriptions,Admin,✅ DB_ONLY
/admin/staff-portal/skills/page.tsx,user_skills,Admin,✅ DB_ONLY
/admin/staff-portal/attendance/page.tsx,attendance_sessions;profiles;staff_attendance;staff_users,Admin,✅ DB_ONLY
/admin/staff-portal/attendance/export/page.tsx,attendance_hours;cohorts,Admin,✅ DB_ONLY
/admin/staff-portal/attendance/take/page.tsx,cohorts;profiles,Admin,✅ DB_ONLY
/admin/staff-portal/attendance/record/page.tsx,attendance;profiles;program_enrollments,Admin,✅ DB_ONLY
/admin/staff-portal/users/page.tsx,profiles,Admin,✅ DB_ONLY
/admin/staff-portal/courses/page.tsx,program_enrollments;programs,Admin,✅ DB_ONLY
/admin/staff-portal/courses/create/page.tsx,lms_courses,Admin,✅ DB_ONLY
/admin/staff-portal/training/page.tsx,staff_training_progress;training_modules,Admin,✅ DB_ONLY
/admin/staff-portal/hours/page.tsx,,Admin,⚠️ PARTIAL_DB
/admin/staff-portal/cases/page.tsx,,Admin,⚠️ PARTIAL_DB
/admin/staff-portal/messages/page.tsx,me;them,Admin,✅ DB_ONLY
/admin/staff-portal/reports/page.tsx,,Admin,⚠️ PARTIAL_DB
/admin/staff-portal/competencies/page.tsx,,Admin,⚠️ PARTIAL_DB
/admin/staff-portal/qa-checklist/page.tsx,qa_checklist_completions;qa_checklists,Admin,✅ DB_ONLY
/admin/staff-portal/dashboard/page.tsx,profiles;program_enrollments,Admin,✅ DB_ONLY
/admin/staff-portal/processes/page.tsx,staff_processes,Admin,✅ DB_ONLY
/admin/staff-portal/tasks/page.tsx,,Admin,⚠️ PARTIAL_DB
/admin/staff-portal/students/page.tsx,,Admin,⚠️ PARTIAL_DB
/admin/staff-portal/students/add/page.tsx,,Admin,⚠️ PARTIAL_DB
/admin/staff-portal/settings/page.tsx,profiles;staff_users;staffs,Admin,✅ DB_ONLY
/admin/staff-portal/vr/page.tsx,,Admin,⚠️ PARTIAL_DB
/admin/staff-portal/campaigns/page.tsx,,Admin,⚠️ PARTIAL_DB
/admin/staff-portal/customer-service/page.tsx,customer_service_protocols;customer_service_tickets,Admin,✅ DB_ONLY
/admin/applications/page.tsx,applications,Admin,✅ DB_ONLY
/admin/applications/queue/page.tsx,admin_applications_queue,Admin,✅ DB_ONLY
/admin/migrations/page.tsx,,Admin,⚠️ PARTIAL_DB
/admin/submissions/page.tsx,grant_applications;grant_opportunities;profiles;sos_attachment_library;sos_content_blocks;sos_opportunities;sos_organization_facts;sos_review_tasks,Admin,✅ DB_ONLY
/admin/submissions/content/page.tsx,profiles;sos_content_blocks;sos_organizations,Admin,✅ DB_ONLY
/admin/submissions/attachments/page.tsx,profiles;sos_attachment_library;sos_organizations,Admin,✅ DB_ONLY
/admin/submissions/templates/page.tsx,profiles;sos_document_templates;sos_organizations,Admin,✅ DB_ONLY
/admin/submissions/org/page.tsx,profiles;sos_organization_profiles;sos_organizations,Admin,✅ DB_ONLY
/admin/submissions/compliance/page.tsx,profiles;sos_compliance_records;sos_organizations,Admin,✅ DB_ONLY
/admin/submissions/past-performance/page.tsx,profiles;sos_organizations;sos_past_performance,Admin,✅ DB_ONLY
/admin/submissions/partners/page.tsx,profiles;sos_organizations;sos_partner_entities,Admin,✅ DB_ONLY
/admin/submissions/facts/page.tsx,profiles;sos_organization_facts;sos_organizations,Admin,✅ DB_ONLY
/admin/submissions/exceptions/page.tsx,profiles;sos_review_tasks,Admin,✅ DB_ONLY
/admin/workflows/page.tsx,,Admin,⚠️ PARTIAL_DB
/admin/program-holders/page.tsx,program_holder_programs;program_holders,Admin,✅ DB_ONLY
/admin/program-holders/verification/page.tsx,profiles;program_holder_banking;program_holder_documents;program_holders,Admin,✅ DB_ONLY
/admin/host-shop/ojt/page.tsx,,Admin,⚠️ PARTIAL_DB
/admin/host-shop/reports/page.tsx,,Admin,⚠️ PARTIAL_DB
/admin/host-shop/dashboard/page.tsx,lesson_progress;ojt_hours;profiles;program_enrollments;wotc_credits,Admin,✅ DB_ONLY
/admin/host-shop/compliance/page.tsx,,Admin,⚠️ PARTIAL_DB
/admin/host-shop/apprentices/page.tsx,,Admin,⚠️ PARTIAL_DB
/admin/barriers/page.tsx,participant_barriers,Admin,✅ DB_ONLY
/admin/transfer-hours/page.tsx,transfer_hours,Admin,✅ DB_ONLY
/admin/providers/page.tsx,profiles;provider_applications;tenants,Admin,✅ DB_ONLY
/admin/course-import/page.tsx,,Admin,⚠️ PARTIAL_DB
/admin/external-progress/page.tsx,profiles,Admin,✅ DB_ONLY
/admin/quizzes/page.tsx,,Admin,⚠️ PARTIAL_DB
/admin/inbox/page.tsx,license_requests;partner_inquiries;user_profiles,Admin,✅ DB_ONLY
/admin/cmi/page.tsx,cmi_students;profiles,Admin,✅ DB_ONLY
/admin/wotc/page.tsx,wotc_applications,Admin,✅ DB_ONLY
/career-services/page.tsx,,Marketing,⚠️ PARTIAL_DB
/career-services/courses/page.tsx,,Marketing,⚠️ PARTIAL_DB
/career-services/job-placement/page.tsx,,Marketing,⚠️ PARTIAL_DB
/career-services/resume-building/page.tsx,,Marketing,⚠️ PARTIAL_DB
/career-services/career-counseling/page.tsx,,Marketing,⚠️ PARTIAL_DB
/career-services/contact/page.tsx,,Marketing,⚠️ PARTIAL_DB
/career-services/interview-prep/page.tsx,,Marketing,⚠️ PARTIAL_DB
/metrics/page.tsx,,Marketing,⚠️ PARTIAL_DB
/support/page.tsx,,Marketing,⚠️ PARTIAL_DB
/support/videos/page.tsx,,Marketing,⚠️ PARTIAL_DB
/support/help/page.tsx,,Marketing,⚠️ PARTIAL_DB
/support/ticket/page.tsx,,Marketing,⚠️ PARTIAL_DB
/support/chat/page.tsx,,Marketing,⚠️ PARTIAL_DB
/support/contact/page.tsx,,Marketing,⚠️ PARTIAL_DB
/verify-credentials/page.tsx,,Marketing,⚠️ PARTIAL_DB
/apprenticeship-programs/page.tsx,,Marketing,⚠️ PARTIAL_DB
/partner-upload/[token]/page.tsx,partners,Marketing,✅ DB_ONLY
/for-providers/page.tsx,,Marketing,⚠️ PARTIAL_DB
/call-now/page.tsx,,Marketing,⚠️ PARTIAL_DB
/tuition/page.tsx,,Marketing,⚠️ PARTIAL_DB
/testimonials/page.tsx,,Marketing,⚠️ PARTIAL_DB
/partnerships/page.tsx,,Marketing,⚠️ PARTIAL_DB
/partner-operating-model/page.tsx,,Marketing,⚠️ PARTIAL_DB
/schedule/page.tsx,,Marketing,⚠️ PARTIAL_DB
/schedule/meeting/page.tsx,,Marketing,⚠️ PARTIAL_DB
/tutoring/page.tsx,profiles,Marketing,✅ DB_ONLY
/advising/page.tsx,programs,Marketing,✅ DB_ONLY
/updates/page.tsx,,Marketing,⚠️ PARTIAL_DB
/updates/2026/01/program-calendar/page.tsx,,Marketing,⚠️ PARTIAL_DB
/instructor-credentials/page.tsx,,Marketing,⚠️ PARTIAL_DB
/signup/page.tsx,site_settings,Marketing,✅ DB_ONLY
/privacy/page.tsx,,Marketing,⚠️ PARTIAL_DB
/security/page.tsx,,Marketing,⚠️ PARTIAL_DB
/jobs/page.tsx,,Marketing,⚠️ PARTIAL_DB
/jobs/jobs/page.tsx,government_job_feed;public_job_board,Marketing,✅ DB_ONLY
/directory/page.tsx,,Marketing,⚠️ PARTIAL_DB
/file-manager/page.tsx,,Marketing,⚠️ PARTIAL_DB
/disclosures/training-delivery/page.tsx,,Marketing,⚠️ PARTIAL_DB
/institutional-governance/page.tsx,,Marketing,⚠️ PARTIAL_DB
/enroll/page.tsx,,Marketing,⚠️ PARTIAL_DB
/enroll/payment/page.tsx,,Marketing,⚠️ PARTIAL_DB
/enroll/[programId]/page.tsx,programs,Marketing,✅ DB_ONLY
/enroll/confirmation/page.tsx,,Marketing,⚠️ PARTIAL_DB
/shop/page.tsx,,Marketing,⚠️ PARTIAL_DB
/shop/products/page.tsx,,Marketing,⚠️ PARTIAL_DB
/shop/onboarding/page.tsx,,Marketing,⚠️ PARTIAL_DB
/courses/page.tsx,,Marketing,⚠️ PARTIAL_DB
/training/page.tsx,,Marketing,⚠️ PARTIAL_DB
/training/learning-center/page.tsx,,Marketing,⚠️ PARTIAL_DB
/training/certifications/page.tsx,,Marketing,⚠️ PARTIAL_DB
/unauthorized/page.tsx,profiles;user_roles,Marketing,✅ DB_ONLY
/jri/page.tsx,,Marketing,⚠️ PARTIAL_DB
/healthcare-training-indianapolis/page.tsx,,Marketing,⚠️ PARTIAL_DB
/achievements/page.tsx,achievements;profiles;user_achievements,Marketing,✅ DB_ONLY
/subscription/page.tsx,,Marketing,⚠️ PARTIAL_DB
/services/page.tsx,,Marketing,⚠️ PARTIAL_DB
/connect/page.tsx,,Marketing,⚠️ PARTIAL_DB
/career-training/page.tsx,,Marketing,⚠️ PARTIAL_DB
/career-training/career-training/page.tsx,,Marketing,⚠️ PARTIAL_DB
/career-training/career-training/[state]/page.tsx,,Marketing,⚠️ PARTIAL_DB
/apprentice/page.tsx,hour_entries;profiles,LMS,✅ DB_ONLY
/apprentice/skills/page.tsx,apprentice_skill_progress;apprentice_skills;apprentices;skill_categories,LMS,✅ DB_ONLY
/apprentice/timeclock/page.tsx,progress_entries,LMS,✅ DB_ONLY
/apprentice/timeclock/history/page.tsx,,LMS,⚠️ PARTIAL_DB
/apprentice/attendance/page.tsx,,LMS,⚠️ PARTIAL_DB
/apprentice/hours/page.tsx,hour_entries;program_enrollments,LMS,✅ DB_ONLY
/apprentice/hours/log/page.tsx,apprentice_skills;apprentices;competency_log;program_enrollments;skill_categories,LMS,✅ DB_ONLY
/apprentice/workbook/page.tsx,,LMS,⚠️ PARTIAL_DB
/apprentice/handbook/page.tsx,documents;handbook_sections,LMS,✅ DB_ONLY
/apprentice/profile/page.tsx,,LMS,⚠️ PARTIAL_DB
/apprentice/billing/page.tsx,barber_subscriptions;cosmetology_subscriptions,LMS,✅ DB_ONLY
/apprentice/competencies/page.tsx,apprentice_skills;competency_log;skill_categories,LMS,✅ DB_ONLY
/apprentice/competencies/log/page.tsx,apprentice_skills;apprentices;competency_log;program_enrollments;skill_categories,LMS,✅ DB_ONLY
/apprentice/state-board/page.tsx,apprenticeship_hours;program_enrollments;student_enrollments,LMS,✅ DB_ONLY
/apprentice/documents/page.tsx,apprentice_forms;apprentices;documents,LMS,✅ DB_ONLY
/apprentice/course/page.tsx,,LMS,⚠️ PARTIAL_DB
/apprentice/transfer-hours/page.tsx,apprentices;hour_transfer_requests,LMS,✅ DB_ONLY
/apprentice/transfer-hours/request/page.tsx,,LMS,⚠️ PARTIAL_DB
/grievance/page.tsx,,Marketing,⚠️ PARTIAL_DB
/operator/page.tsx,,Marketing,⚠️ PARTIAL_DB
/help/page.tsx,,Marketing,⚠️ PARTIAL_DB
/help/courses/page.tsx,,Marketing,⚠️ PARTIAL_DB
/help/tutorials/page.tsx,,Marketing,⚠️ PARTIAL_DB
/help/technical/page.tsx,,Marketing,⚠️ PARTIAL_DB
/help/getting-started/page.tsx,,Marketing,⚠️ PARTIAL_DB
/help/account/page.tsx,,Marketing,⚠️ PARTIAL_DB
/grants/page.tsx,,Marketing,⚠️ PARTIAL_DB
/thankyou/page.tsx,content_blocks;programs;settings,Marketing,✅ DB_ONLY
/application-success/page.tsx,page_views,Marketing,✅ DB_ONLY
/consumer-education/page.tsx,,Marketing,⚠️ PARTIAL_DB
/news/page.tsx,,Marketing,⚠️ PARTIAL_DB
/workforce-board/page.tsx,,Marketing,⚠️ PARTIAL_DB
/workforce-board/employment/page.tsx,,Marketing,⚠️ PARTIAL_DB
/workforce-board/dashboard/page.tsx,certificates;partner_lms_providers;profiles;program_enrollments;programs,Marketing,✅ DB_ONLY
/program-holder/[...path]/page.tsx,,Marketing,⚠️ PARTIAL_DB
/program-holder/rights-responsibilities/page.tsx,,Marketing,⚠️ PARTIAL_DB
/program-holder/sign-mou/page.tsx,,Marketing,⚠️ PARTIAL_DB
/program-holder/dashboard/page.tsx,,Marketing,⚠️ PARTIAL_DB
/program-holder/onboarding/page.tsx,,Marketing,⚠️ PARTIAL_DB
/privacy-policy/page.tsx,,Marketing,⚠️ PARTIAL_DB
/agencies/page.tsx,,Marketing,⚠️ PARTIAL_DB
/student-support/page.tsx,,Marketing,⚠️ PARTIAL_DB
/student-support/schedule/page.tsx,,Marketing,⚠️ PARTIAL_DB
/financing/page.tsx,,Marketing,⚠️ PARTIAL_DB
/calendar/page.tsx,,Marketing,⚠️ PARTIAL_DB
/calendar/calendar/page.tsx,assignments;program_enrollments;programs,Marketing,✅ DB_ONLY
/offline/page.tsx,,Marketing,⚠️ PARTIAL_DB
/forgot-password/page.tsx,,Marketing,⚠️ PARTIAL_DB
/employers/directory/page.tsx,,Marketing,⚠️ PARTIAL_DB
/employers/post-job/page.tsx,,Marketing,⚠️ PARTIAL_DB
/provider/programs/page.tsx,profiles;programs,Marketing,✅ DB_ONLY
/provider/programs/new/page.tsx,,Marketing,⚠️ PARTIAL_DB
/provider/dashboard/page.tsx,certificates;organizations;profiles;program_enrollments;programs;provider_compliance_artifacts;provider_onboarding_steps;tenant_domains,Marketing,✅ DB_ONLY
/provider/compliance/page.tsx,profiles;provider_compliance_artifacts,Marketing,✅ DB_ONLY
/provider/settings/page.tsx,organizations;profiles;tenants,Marketing,✅ DB_ONLY
/booking/page.tsx,,Marketing,⚠️ PARTIAL_DB
/booking/booking/page.tsx,appointment_types;locations;staff,Marketing,✅ DB_ONLY
/booking/booking/enrollment/page.tsx,,Marketing,⚠️ PARTIAL_DB
/booth-rental/apply/page.tsx,,Marketing,⚠️ PARTIAL_DB
/learner/page.tsx,,Marketing,⚠️ PARTIAL_DB
/learner/dashboard/page.tsx,,Marketing,⚠️ PARTIAL_DB
/card/page.tsx,,Marketing,⚠️ PARTIAL_DB
/sitemap/page.tsx,,Marketing,⚠️ PARTIAL_DB
/staff/page.tsx,handbook_acknowledgments;payroll_profiles;profiles;user_skills,Marketing,✅ DB_ONLY
/staff/booth-renters/page.tsx,booth_rental_subscriptions,Marketing,✅ DB_ONLY
/staff/skills/page.tsx,user_skills,Marketing,✅ DB_ONLY
/staff/attendance/page.tsx,attendance_hours;cohorts,Marketing,✅ DB_ONLY
/staff/attendance/export/page.tsx,attendance_hours;cohorts,Marketing,✅ DB_ONLY
/staff/attendance/take/page.tsx,cohorts;profiles,Marketing,✅ DB_ONLY
/staff/attendance/record/page.tsx,attendance;profiles;program_enrollments,Marketing,✅ DB_ONLY
/staff/users/page.tsx,profiles,Marketing,✅ DB_ONLY
/staff/courses/page.tsx,program_enrollments;programs,Marketing,✅ DB_ONLY
/staff/courses/create/page.tsx,lms_courses,Marketing,✅ DB_ONLY
/staff/training/page.tsx,staff_training_progress;training_modules,Marketing,✅ DB_ONLY
/staff/cases/page.tsx,,Marketing,⚠️ PARTIAL_DB
/staff/cases/[id]/page.tsx,,Marketing,⚠️ PARTIAL_DB
/staff/qa-checklist/page.tsx,qa_checklist_completions;qa_checklists,Marketing,✅ DB_ONLY
/staff/dashboard/page.tsx,profiles;program_enrollments,Marketing,✅ DB_ONLY
/staff/processes/page.tsx,staff_processes,Marketing,✅ DB_ONLY
/staff/students/page.tsx,profiles,Marketing,✅ DB_ONLY
/staff/students/add/page.tsx,,Marketing,⚠️ PARTIAL_DB
/staff/campaigns/page.tsx,,Marketing,⚠️ PARTIAL_DB
/staff/customer-service/page.tsx,customer_service_protocols;customer_service_tickets,Marketing,✅ DB_ONLY
/error/page.tsx,,Marketing,⚠️ PARTIAL_DB
/locations/page.tsx,,Marketing,⚠️ PARTIAL_DB
/suboffice-onboarding/page.tsx,,Marketing,⚠️ PARTIAL_DB
/suboffice-onboarding/apply/page.tsx,,Marketing,⚠️ PARTIAL_DB
/volunteer/page.tsx,,Marketing,⚠️ PARTIAL_DB
/barber-host-shop/page.tsx,,Marketing,⚠️ PARTIAL_DB
/faq/page.tsx,,Marketing,⚠️ PARTIAL_DB
/faq/faq/page.tsx,,Marketing,⚠️ PARTIAL_DB
/ebook/barber-theory/page.tsx,,Marketing,⚠️ PARTIAL_DB
/transcript/page.tsx,checkpoint_scores;lesson_progress;lms_lessons;modules;profiles;program_enrollments,Marketing,✅ DB_ONLY
/share/page.tsx,,Marketing,⚠️ PARTIAL_DB
/handbook/page.tsx,,Marketing,⚠️ PARTIAL_DB
/licenses/page.tsx,,Marketing,⚠️ PARTIAL_DB
/licenses/request/page.tsx,,Marketing,⚠️ PARTIAL_DB
/licenses/purchase/page.tsx,,Marketing,⚠️ PARTIAL_DB
/licenses/enterprise-review/page.tsx,,Marketing,⚠️ PARTIAL_DB
/messages/page.tsx,direct_message_conversations;users,Marketing,✅ DB_ONLY
/nail-host-shop/page.tsx,,Marketing,⚠️ PARTIAL_DB
/how-it-works/page.tsx,,Marketing,⚠️ PARTIAL_DB
/snap/snap-et/page.tsx,,Marketing,⚠️ PARTIAL_DB
/outcomes/page.tsx,,Marketing,⚠️ PARTIAL_DB
/academic-integrity/page.tsx,,Marketing,⚠️ PARTIAL_DB
/forms/page.tsx,,Marketing,⚠️ PARTIAL_DB
/forms/host-shop-inquiry/page.tsx,,Marketing,⚠️ PARTIAL_DB
/forms/barber-apprenticeship-inquiry/page.tsx,,Marketing,⚠️ PARTIAL_DB
/start/page.tsx,,Marketing,⚠️ PARTIAL_DB
/start/start/page.tsx,,Marketing,⚠️ PARTIAL_DB
/career-assessment/page.tsx,,Marketing,⚠️ PARTIAL_DB
/certification-testing/page.tsx,,Marketing,⚠️ PARTIAL_DB
/checkout/page.tsx,license_leads,Marketing,✅ DB_ONLY
/checkout/[program]/page.tsx,,Marketing,⚠️ PARTIAL_DB
/checkout/success/page.tsx,,Marketing,⚠️ PARTIAL_DB
/checkout/career/page.tsx,,Marketing,⚠️ PARTIAL_DB
/team/page.tsx,,Marketing,⚠️ PARTIAL_DB
/press/page.tsx,blog_posts,Marketing,✅ DB_ONLY
/press/press/page.tsx,blog_posts,Marketing,✅ DB_ONLY
/ojt-and-funding/page.tsx,,Marketing,⚠️ PARTIAL_DB
/profile/page.tsx,users,Marketing,✅ DB_ONLY
/student-resources/page.tsx,,Marketing,⚠️ PARTIAL_DB
/donate/page.tsx,,Marketing,⚠️ PARTIAL_DB
/donate/monthly/page.tsx,,Marketing,⚠️ PARTIAL_DB
/apprenticeships/page.tsx,,Marketing,⚠️ PARTIAL_DB
/apprenticeships/ipla-exam/page.tsx,,Marketing,⚠️ PARTIAL_DB
/disaster-recovery/page.tsx,,Marketing,⚠️ PARTIAL_DB
/ai/page.tsx,,Marketing,⚠️ PARTIAL_DB
/ai/instructor/page.tsx,,Marketing,⚠️ PARTIAL_DB
/ai/paris/page.tsx,,Marketing,⚠️ PARTIAL_DB
/ai/credential-engine/page.tsx,,Marketing,⚠️ PARTIAL_DB
/ai/ai/page.tsx,,Marketing,⚠️ PARTIAL_DB
/ai/ai/instructor/page.tsx,,Marketing,⚠️ PARTIAL_DB
/ai/ai/job-match/page.tsx,,Marketing,⚠️ PARTIAL_DB
/ai/job-match/page.tsx,,Marketing,⚠️ PARTIAL_DB
/ai/dev-studio/page.tsx,,Marketing,⚠️ PARTIAL_DB
/ai/course-factory/page.tsx,,Marketing,⚠️ PARTIAL_DB
/billing/page.tsx,invoices,Marketing,✅ DB_ONLY
/verification-approvals/page.tsx,,Marketing,⚠️ PARTIAL_DB
/login/page.tsx,profiles,Marketing,✅ DB_ONLY
/login/apprentice/page.tsx,,LMS,⚠️ PARTIAL_DB
/approvals/page.tsx,,Marketing,⚠️ PARTIAL_DB
/mobile-app/page.tsx,,Marketing,⚠️ PARTIAL_DB
/portals/page.tsx,,Marketing,⚠️ PARTIAL_DB
/copyright/page.tsx,,Marketing,⚠️ PARTIAL_DB
/reports/page.tsx,reports,Marketing,✅ DB_ONLY
/solutions/page.tsx,,Marketing,⚠️ PARTIAL_DB
/solutions/higher-ed/page.tsx,,Marketing,⚠️ PARTIAL_DB
/solutions/k12/page.tsx,,Marketing,⚠️ PARTIAL_DB
/solutions/distance-learning/page.tsx,,Marketing,⚠️ PARTIAL_DB
/policies/page.tsx,,Marketing,⚠️ PARTIAL_DB
/licensing/page.tsx,,Marketing,⚠️ PARTIAL_DB
/legal-entity-structure/page.tsx,,Marketing,⚠️ PARTIAL_DB
/workbooks/page.tsx,,Marketing,⚠️ PARTIAL_DB
/mou/employer/page.tsx,,Marketing,⚠️ PARTIAL_DB
/cookies/page.tsx,,Marketing,⚠️ PARTIAL_DB
/creator/products/page.tsx,marketplace_products;marketplace_sales,Marketing,✅ DB_ONLY
/orientation-video/page.tsx,,Marketing,⚠️ PARTIAL_DB
/create-course/page.tsx,course_templates,Marketing,✅ DB_ONLY
/verify-identity/page.tsx,documents,Marketing,✅ DB_ONLY
/demos/page.tsx,,Marketing,⚠️ PARTIAL_DB
/community-services/page.tsx,,Marketing,⚠️ PARTIAL_DB
/community-services/community-services/page.tsx,,Marketing,⚠️ PARTIAL_DB
/community-services/community-services/[state]/page.tsx,,Marketing,⚠️ PARTIAL_DB
/cosmetology-host-shop/page.tsx,,Marketing,⚠️ PARTIAL_DB
/cosmetology-host-shop/dashboard/page.tsx,,Marketing,⚠️ PARTIAL_DB
/roi/page.tsx,,Marketing,⚠️ PARTIAL_DB
/import/page.tsx,,Marketing,⚠️ PARTIAL_DB
/workkeys/page.tsx,,Marketing,⚠️ PARTIAL_DB
/governance/security/page.tsx,,Marketing,⚠️ PARTIAL_DB
/governance/operational-controls/page.tsx,,Marketing,⚠️ PARTIAL_DB
/programs/page.tsx,,Marketing,⚠️ PARTIAL_DB
/programs/technology/page.tsx,,Marketing,⚠️ PARTIAL_DB
/programs/skilled-trades/page.tsx,,Marketing,⚠️ PARTIAL_DB
/programs/peer-recovery-specialist/apply/page.tsx,,Marketing,⚠️ PARTIAL_DB
/programs/peer-recovery-specialist/apply/success/page.tsx,,Marketing,⚠️ PARTIAL_DB
/programs/cosmetology-apprenticeship/enrollment-success/page.tsx,program_enrollments,Marketing,✅ DB_ONLY
/programs/cosmetology-apprenticeship/payment/bnpl/page.tsx,,Marketing,⚠️ PARTIAL_DB
/programs/cosmetology-apprenticeship/payment-setup/page.tsx,,Marketing,⚠️ PARTIAL_DB
/programs/cosmetology-apprenticeship/payment-setup/confirm/page.tsx,,Marketing,⚠️ PARTIAL_DB
/programs/cosmetology-apprenticeship/orientation/page.tsx,cosmetology_subscriptions;orientation_completions;profiles;program_enrollments,Marketing,✅ DB_ONLY
/programs/cosmetology-apprenticeship/apply/page.tsx,,Marketing,⚠️ PARTIAL_DB
/programs/cosmetology-apprenticeship/apply/apprentice/page.tsx,,LMS,⚠️ PARTIAL_DB
/programs/cosmetology-apprenticeship/apply/success/page.tsx,,Marketing,⚠️ PARTIAL_DB
/programs/cosmetology-apprenticeship/host-shops/page.tsx,,Marketing,⚠️ PARTIAL_DB
/programs/cosmetology-apprenticeship/eligibility/page.tsx,,Marketing,⚠️ PARTIAL_DB
/programs/cdl-training/enrollment-success/page.tsx,,Marketing,⚠️ PARTIAL_DB
/programs/cdl-training/waitlist/page.tsx,,Marketing,⚠️ PARTIAL_DB
/programs/hvac-technician/study-guide/page.tsx,,Marketing,⚠️ PARTIAL_DB
/programs/hvac-technician/apply/page.tsx,,Marketing,⚠️ PARTIAL_DB
/programs/hvac-technician/apply/success/page.tsx,,Marketing,⚠️ PARTIAL_DB
/programs/hvac-technician/curriculum/page.tsx,,Marketing,⚠️ PARTIAL_DB
/programs/hvac-technician/course/page.tsx,lesson_progress;lms_lessons,Marketing,✅ DB_ONLY
/programs/[program]/page.tsx,programs,Marketing,✅ DB_ONLY
/programs/[program]/confirm/page.tsx,,Marketing,⚠️ PARTIAL_DB
/programs/[program]/enrollment-success/page.tsx,program_enrollments,Marketing,✅ DB_ONLY
/programs/[program]/courses/page.tsx,lms_courses;programs,Marketing,✅ DB_ONLY
/programs/[program]/training/page.tsx,program_courses;program_enrollments;program_external_completions;program_external_courses;programs,Marketing,✅ DB_ONLY
/programs/[program]/discussions/page.tsx,forum_posts;forum_threads;profiles;program_discussions;program_enrollments;programs,Marketing,✅ DB_ONLY
/programs/[program]/discussions/[threadId]/page.tsx,program_discussion_replies;program_discussions;program_enrollments;programs,Marketing,✅ DB_ONLY
/programs/[program]/payment-setup/page.tsx,,Marketing,⚠️ PARTIAL_DB
/programs/[program]/request-info/page.tsx,,Marketing,⚠️ PARTIAL_DB
/programs/[program]/orientation/page.tsx,,Marketing,⚠️ PARTIAL_DB
/programs/[program]/apply/page.tsx,,Marketing,⚠️ PARTIAL_DB
/programs/[program]/apply/success/page.tsx,,Marketing,⚠️ PARTIAL_DB
/programs/[program]/documents/page.tsx,program_enrollments,Marketing,✅ DB_ONLY
/programs/[program]/eligibility/page.tsx,,Marketing,⚠️ PARTIAL_DB
/programs/beauty/page.tsx,,Marketing,⚠️ PARTIAL_DB
/programs/esthetician-apprenticeship/enrollment-success/page.tsx,program_enrollments,Marketing,✅ DB_ONLY
/programs/esthetician-apprenticeship/orientation/page.tsx,,Marketing,⚠️ PARTIAL_DB
/programs/esthetician-apprenticeship/apply/page.tsx,,Marketing,⚠️ PARTIAL_DB
/programs/esthetician-apprenticeship/documents/page.tsx,enrollments,Marketing,✅ DB_ONLY
/programs/esthetician-apprenticeship/host-shops/page.tsx,,Marketing,⚠️ PARTIAL_DB
/programs/esthetician-apprenticeship/eligibility/page.tsx,,Marketing,⚠️ PARTIAL_DB
/programs/barber-apprenticeship/confirm/page.tsx,,Marketing,⚠️ PARTIAL_DB
/programs/barber-apprenticeship/enrollment-success/page.tsx,program_enrollments,Marketing,✅ DB_ONLY
/programs/barber-apprenticeship/payment/bnpl/page.tsx,,Marketing,⚠️ PARTIAL_DB
/programs/barber-apprenticeship/payment-setup/page.tsx,,Marketing,⚠️ PARTIAL_DB
/programs/barber-apprenticeship/payment-setup/confirm/page.tsx,,Marketing,⚠️ PARTIAL_DB
/programs/barber-apprenticeship/orientation/page.tsx,barber_subscriptions,Marketing,✅ DB_ONLY
/programs/barber-apprenticeship/apply/page.tsx,,Marketing,⚠️ PARTIAL_DB
/programs/barber-apprenticeship/apply/apprentice/page.tsx,,LMS,⚠️ PARTIAL_DB
/programs/barber-apprenticeship/apply/success/page.tsx,,Marketing,⚠️ PARTIAL_DB
/programs/barber-apprenticeship/documents/page.tsx,program_enrollments,Marketing,✅ DB_ONLY
/programs/barber-apprenticeship/host-shops/page.tsx,,Marketing,⚠️ PARTIAL_DB
/programs/barber-apprenticeship/host-shops/apply/page.tsx,,Marketing,⚠️ PARTIAL_DB
/programs/barber-apprenticeship/eligibility/page.tsx,,Marketing,⚠️ PARTIAL_DB
/programs/healthcare/page.tsx,,Marketing,⚠️ PARTIAL_DB
/programs/healthcare/[slug]/page.tsx,,Marketing,⚠️ PARTIAL_DB
/programs/qma/apply/page.tsx,,Marketing,⚠️ PARTIAL_DB
/programs/qma/apply/success/page.tsx,,Marketing,⚠️ PARTIAL_DB
/programs/business/page.tsx,,Marketing,⚠️ PARTIAL_DB
/programs/cpr-first-aid/payment/bnpl/page.tsx,,Marketing,⚠️ PARTIAL_DB
/programs/catalog/page.tsx,partner_courses,Marketing,✅ DB_ONLY
/programs/medical-assistant/enroll/page.tsx,,Marketing,⚠️ PARTIAL_DB
/programs/cna/enroll/page.tsx,,Marketing,⚠️ PARTIAL_DB
/programs/cna/apply/success/page.tsx,,Marketing,⚠️ PARTIAL_DB
/programs/nail-technician-apprenticeship/apply/page.tsx,,Marketing,⚠️ PARTIAL_DB
/programs/nail-technician-apprenticeship/host-shops/page.tsx,,Marketing,⚠️ PARTIAL_DB
/education/page.tsx,,Marketing,⚠️ PARTIAL_DB
/payment/page.tsx,payment_options,Marketing,✅ DB_ONLY
/payment/affirm/confirm/page.tsx,,Marketing,⚠️ PARTIAL_DB
/payment/affirm/cancel/page.tsx,page_views,Marketing,✅ DB_ONLY
/payment/cancel/page.tsx,page_views,Marketing,✅ DB_ONLY
/sign/[documentId]/page.tsx,signature_documents;signatures,Marketing,✅ DB_ONLY
/barber-and-beauty-apprenticeships/page.tsx,,Marketing,⚠️ PARTIAL_DB
/notifications/page.tsx,notifications,Marketing,✅ DB_ONLY
/healthcare/page.tsx,,Marketing,⚠️ PARTIAL_DB
/c/[token]/page.tsx,audit_logs;credential_share_links;credentials,Marketing,✅ DB_ONLY
/auth/admin/reset-password/page.tsx,,Admin,⚠️ PARTIAL_DB
/auth/set-password/page.tsx,profiles,Marketing,✅ DB_ONLY
/auth/reset-password/page.tsx,profiles,Marketing,✅ DB_ONLY
/cna-waitlist/page.tsx,,Marketing,⚠️ PARTIAL_DB
/cna-waitlist/cna-waitlist/page.tsx,,Marketing,⚠️ PARTIAL_DB
/email/page.tsx,,Marketing,⚠️ PARTIAL_DB
/skilled-trades-training-indiana/page.tsx,,Marketing,⚠️ PARTIAL_DB
/license-suspended/page.tsx,,Marketing,⚠️ PARTIAL_DB
/career-counseling/page.tsx,,Marketing,⚠️ PARTIAL_DB
/docs/page.tsx,,Marketing,⚠️ PARTIAL_DB
/docs/program-holder-guide/page.tsx,,Marketing,⚠️ PARTIAL_DB
/docs/api/page.tsx,,Marketing,⚠️ PARTIAL_DB
/docs/quickstart/page.tsx,,Marketing,⚠️ PARTIAL_DB
/preview/barber-studio/page.tsx,,Marketing,⚠️ PARTIAL_DB
/preview/barber-videos/page.tsx,course_lessons,Marketing,✅ DB_ONLY
/install-app/page.tsx,,Marketing,⚠️ PARTIAL_DB
/funding/page.tsx,,Marketing,⚠️ PARTIAL_DB
/funding/confirm/page.tsx,profiles,Marketing,✅ DB_ONLY
/funding/jri/page.tsx,,Marketing,⚠️ PARTIAL_DB
/funding/job-ready-indy/page.tsx,,Marketing,⚠️ PARTIAL_DB
/funding/grant-programs/page.tsx,programs,Marketing,✅ DB_ONLY
/funding/dol/page.tsx,funding_sources,Marketing,✅ DB_ONLY
/funding/how-it-works/page.tsx,,Marketing,⚠️ PARTIAL_DB
/funding/wrg/page.tsx,,Marketing,⚠️ PARTIAL_DB
/funding/federal-programs/page.tsx,,Marketing,⚠️ PARTIAL_DB
/funding/wioa/page.tsx,funding_options,Marketing,✅ DB_ONLY
/funding/state-programs/page.tsx,,Marketing,⚠️ PARTIAL_DB
/admin-login/page.tsx,,Marketing,⚠️ PARTIAL_DB
/store/page.tsx,,Marketing,⚠️ PARTIAL_DB
/store/practice-tests/page.tsx,,Marketing,⚠️ PARTIAL_DB
/store/courses/page.tsx,,Marketing,⚠️ PARTIAL_DB
/store/courses/hvac-technician-course-license/page.tsx,,Marketing,⚠️ PARTIAL_DB
/store/digital/page.tsx,,Marketing,⚠️ PARTIAL_DB
/store/licenses/page.tsx,,Marketing,⚠️ PARTIAL_DB
/store/licenses/trial-success/page.tsx,,Marketing,⚠️ PARTIAL_DB
/store/licenses/pro-license/page.tsx,,Marketing,⚠️ PARTIAL_DB
/store/licenses/pro-license/trial/page.tsx,,Marketing,⚠️ PARTIAL_DB
/store/licenses/starter-license/page.tsx,,Marketing,⚠️ PARTIAL_DB
/store/licenses/starter-license/trial/page.tsx,,Marketing,⚠️ PARTIAL_DB
/store/licenses/checkout/[slug]/page.tsx,,Marketing,⚠️ PARTIAL_DB
/store/licenses/success/page.tsx,,Marketing,⚠️ PARTIAL_DB
/store/licenses/managed-platform/page.tsx,,Marketing,⚠️ PARTIAL_DB
/store/licenses/source-use/page.tsx,,Marketing,⚠️ PARTIAL_DB
/store/licenses/enterprise-license/page.tsx,,Marketing,⚠️ PARTIAL_DB
/store/licenses/enterprise-license/trial/page.tsx,,Marketing,⚠️ PARTIAL_DB
/store/licenses/school-license/page.tsx,,Marketing,⚠️ PARTIAL_DB
/store/checkout/page.tsx,cart_items;profiles,Marketing,✅ DB_ONLY
/store/checkout/success/page.tsx,,Marketing,⚠️ PARTIAL_DB
/store/checkout/[slug]/page.tsx,,Marketing,⚠️ PARTIAL_DB
/store/checkout/cancel/page.tsx,products,Marketing,✅ DB_ONLY
/store/success/page.tsx,order_items;orders;purchases,Marketing,✅ DB_ONLY
/store/sam-gov-assistant/page.tsx,,Marketing,⚠️ PARTIAL_DB
/store/trial/page.tsx,,Marketing,⚠️ PARTIAL_DB
/store/trial/convert/page.tsx,,Marketing,⚠️ PARTIAL_DB
/store/licensing/page.tsx,,Marketing,⚠️ PARTIAL_DB
/store/licensing/checkout/[slug]/page.tsx,,Marketing,⚠️ PARTIAL_DB
/store/cart/page.tsx,cart_items,Marketing,✅ DB_ONLY
/store/deployment/page.tsx,deployment_options,Marketing,✅ DB_ONLY
/store/demos/page.tsx,,Marketing,⚠️ PARTIAL_DB
/store/guides/page.tsx,,Marketing,⚠️ PARTIAL_DB
/store/guides/capital-readiness/page.tsx,,Marketing,⚠️ PARTIAL_DB
/store/guides/capital-readiness/slides/page.tsx,,Marketing,⚠️ PARTIAL_DB
/store/guides/capital-readiness/enterprise/page.tsx,products,Marketing,✅ DB_ONLY
/store/guides/licensing/page.tsx,,Marketing,⚠️ PARTIAL_DB
/store/dev-studio/page.tsx,,Marketing,⚠️ PARTIAL_DB
/store/subscriptions/page.tsx,store_subscription_pricing;store_subscriptions,Marketing,✅ DB_ONLY
/store/demo/page.tsx,,Marketing,⚠️ PARTIAL_DB
/store/demo/instructor/page.tsx,,Marketing,⚠️ PARTIAL_DB
/store/demo/admin/page.tsx,,Admin,⚠️ PARTIAL_DB
/store/demo/employer/page.tsx,,Marketing,⚠️ PARTIAL_DB
/store/demo/institutional/page.tsx,,Marketing,⚠️ PARTIAL_DB
/store/demo/enterprise/page.tsx,,Marketing,⚠️ PARTIAL_DB
/store/demo/student/page.tsx,,LMS,⚠️ PARTIAL_DB
/store/beauty-programs/page.tsx,,Marketing,⚠️ PARTIAL_DB
/store/ai-team/page.tsx,,Marketing,⚠️ PARTIAL_DB
/store/integrations/page.tsx,integrations,Marketing,✅ DB_ONLY
/store/compliance/page.tsx,documents,Marketing,✅ DB_ONLY
/store/compliance/wcag/page.tsx,,Marketing,⚠️ PARTIAL_DB
/store/compliance/ferpa/page.tsx,,Marketing,⚠️ PARTIAL_DB
/store/compliance/wioa/page.tsx,,Marketing,⚠️ PARTIAL_DB
/store/compliance/grant-reporting/page.tsx,,Marketing,⚠️ PARTIAL_DB
/store/course-builder/page.tsx,,Marketing,⚠️ PARTIAL_DB
/store/add-ons/page.tsx,products,Marketing,✅ DB_ONLY
/store/add-ons/agency-template-autofill/page.tsx,,Marketing,⚠️ PARTIAL_DB
/store/add-ons/community-hub/page.tsx,,Marketing,⚠️ PARTIAL_DB
/store/add-ons/community-hub/checkout/page.tsx,,Marketing,⚠️ PARTIAL_DB
/store/add-ons/workforce-grant-operations-hub/page.tsx,,Marketing,⚠️ PARTIAL_DB
/store/add-ons/proposal-writing-assistant/page.tsx,,Marketing,⚠️ PARTIAL_DB
/store/add-ons/grant-contract-suite/page.tsx,,Marketing,⚠️ PARTIAL_DB
/store/add-ons/analytics-pro/page.tsx,products,Marketing,✅ DB_ONLY
/store/add-ons/analytics-pro/checkout/page.tsx,,Marketing,⚠️ PARTIAL_DB
/store/add-ons/compliance-automation/page.tsx,products,Marketing,✅ DB_ONLY
/store/add-ons/compliance-automation/checkout/page.tsx,,Marketing,⚠️ PARTIAL_DB
/store/add-ons/compliance-signature-automation/page.tsx,,Marketing,⚠️ PARTIAL_DB
/store/ai-studio/page.tsx,,Marketing,⚠️ PARTIAL_DB
/store/testing/page.tsx,,Marketing,⚠️ PARTIAL_DB
/store/apps/page.tsx,,Marketing,⚠️ PARTIAL_DB
/store/apps/sam-gov/page.tsx,,Marketing,⚠️ PARTIAL_DB
/store/apps/grants/page.tsx,,Marketing,⚠️ PARTIAL_DB
/store/apps/website-builder/page.tsx,,Marketing,⚠️ PARTIAL_DB
/store/plans/page.tsx,,Marketing,⚠️ PARTIAL_DB
/store/workflow-studio/page.tsx,,Marketing,⚠️ PARTIAL_DB
/store/white-label/page.tsx,,Marketing,⚠️ PARTIAL_DB
/accessibility/page.tsx,,Marketing,⚠️ PARTIAL_DB
/accessibility/accessibility/page.tsx,,Marketing,⚠️ PARTIAL_DB
/for-partners/page.tsx,,Marketing,⚠️ PARTIAL_DB
/workone-partner-packet/page.tsx,,Marketing,⚠️ PARTIAL_DB
/orientation/page.tsx,,Marketing,⚠️ PARTIAL_DB
/orientation/schedule/page.tsx,,Marketing,⚠️ PARTIAL_DB
/orientation/competency-test/page.tsx,,Marketing,⚠️ PARTIAL_DB
/(partner)/partners/admin/placements/page.tsx,apprentice_placements,Admin,✅ DB_ONLY
/(partner)/partners/admin/shops/page.tsx,shops,Admin,✅ DB_ONLY
/contracts/page.tsx,,Marketing,⚠️ PARTIAL_DB
/contracts/branding-addendum/page.tsx,,Marketing,⚠️ PARTIAL_DB
/contracts/workforce-mou/page.tsx,,Marketing,⚠️ PARTIAL_DB
/contracts/data-sharing/page.tsx,,Marketing,⚠️ PARTIAL_DB
/contracts/master-license/page.tsx,,Marketing,⚠️ PARTIAL_DB
/contracts/employer-agreement/page.tsx,,Marketing,⚠️ PARTIAL_DB
/enrollment/page.tsx,,Marketing,⚠️ PARTIAL_DB
/enrollment/orientation/page.tsx,program_enrollments,Marketing,✅ DB_ONLY
/enrollment/documents/page.tsx,program_enrollments,Marketing,✅ DB_ONLY
/enrollment/confirmed/page.tsx,program_enrollments,Marketing,✅ DB_ONLY
/launch/page.tsx,,Marketing,⚠️ PARTIAL_DB
/wioa-participant/page.tsx,,Marketing,⚠️ PARTIAL_DB
/federal-compliance/page.tsx,,Marketing,⚠️ PARTIAL_DB
/trust/page.tsx,,Marketing,⚠️ PARTIAL_DB
/certiport-exam/page.tsx,,Marketing,⚠️ PARTIAL_DB
/certiport-exam/certiport-exam/page.tsx,certiport_exam_requests;program_enrollments,Marketing,✅ DB_ONLY
/demo/page.tsx,,Marketing,⚠️ PARTIAL_DB
/dashboard/page.tsx,profiles,Marketing,✅ DB_ONLY
/employer/page.tsx,,Marketing,⚠️ PARTIAL_DB
/employer/[...path]/page.tsx,,Marketing,⚠️ PARTIAL_DB
/employer/placements/page.tsx,job_placements;profiles,Marketing,✅ DB_ONLY
/employer/register/page.tsx,,Marketing,⚠️ PARTIAL_DB
/employer/jobs/page.tsx,job_postings;profiles,Marketing,✅ DB_ONLY
/employer/shop/create/page.tsx,shop_staff,Marketing,✅ DB_ONLY
/employer/hours/page.tsx,hour_entries,Marketing,✅ DB_ONLY
/employer/apprenticeships/page.tsx,apprenticeship_enrollments;apprenticeships,Marketing,✅ DB_ONLY
/employer/reports/page.tsx,applications;job_placements;jobs,Marketing,✅ DB_ONLY
/employer/reports/submit/page.tsx,applications;job_placements,Marketing,✅ DB_ONLY
/employer/verification/page.tsx,,Marketing,⚠️ PARTIAL_DB
/employer/programs/[id]/page.tsx,programs,Marketing,✅ DB_ONLY
/employer/dashboard/page.tsx,apprenticeships;job_applications;job_postings;profiles,Marketing,✅ DB_ONLY
/employer/compliance/page.tsx,,Marketing,⚠️ PARTIAL_DB
/employer/post-job/page.tsx,,Marketing,⚠️ PARTIAL_DB
/employer/settings/page.tsx,employers;profiles,Marketing,✅ DB_ONLY
/employer/documents/page.tsx,document_requirements;documents,Marketing,✅ DB_ONLY
/employer/documents/upload/page.tsx,,Marketing,⚠️ PARTIAL_DB
/employer/candidates/page.tsx,profiles;program_enrollments,Marketing,✅ DB_ONLY
/employer/apprentices/page.tsx,,Marketing,⚠️ PARTIAL_DB
/employer/analytics/page.tsx,job_applications;job_postings,Marketing,✅ DB_ONLY
/employer/company/page.tsx,apprenticeships;employers;job_applications;job_postings;profiles,Marketing,✅ DB_ONLY
/employer/postings/page.tsx,job_postings,Marketing,✅ DB_ONLY
/employer/postings/[id]/page.tsx,job_applications;job_postings,Marketing,✅ DB_ONLY
/employer/postings/[id]/edit/page.tsx,job_postings,Marketing,✅ DB_ONLY
/employer/applications/page.tsx,job_applications;job_postings,Marketing,✅ DB_ONLY
/employer/opportunities/page.tsx,job_opportunities,Marketing,✅ DB_ONLY
/employer/wotc/page.tsx,job_applications;job_postings,Marketing,✅ DB_ONLY
/portal/plumbing/page.tsx,,Marketing,⚠️ PARTIAL_DB
/portal/esthetician/page.tsx,,Marketing,⚠️ PARTIAL_DB
/portal/cosmetology/page.tsx,,Marketing,⚠️ PARTIAL_DB
/portal/nail-technician/page.tsx,,Marketing,⚠️ PARTIAL_DB
/portal/electrical/page.tsx,,Marketing,⚠️ PARTIAL_DB
/portal/culinary/page.tsx,,Marketing,⚠️ PARTIAL_DB
/portal/[portalKey]/page.tsx,lesson_progress;profiles;program_completion_certificates;program_enrollments,Marketing,✅ DB_ONLY
/portal/barber/page.tsx,,Marketing,⚠️ PARTIAL_DB
/success-stories/page.tsx,,Marketing,⚠️ PARTIAL_DB
/success-stories/success-stories/page.tsx,program_completion_certificates;program_enrollments,Marketing,✅ DB_ONLY
/careers/page.tsx,,Marketing,⚠️ PARTIAL_DB
/careers/jobs/page.tsx,,Marketing,⚠️ PARTIAL_DB
/careers/careers/page.tsx,job_postings;programs,Marketing,✅ DB_ONLY
/careers/careers/[id]/page.tsx,job_applications,Marketing,✅ DB_ONLY
/careers/careers/assessment/page.tsx,,Marketing,⚠️ PARTIAL_DB
/careers/assessment/page.tsx,,Marketing,⚠️ PARTIAL_DB
/case-manager/page.tsx,,Marketing,⚠️ PARTIAL_DB
/case-manager/[...path]/page.tsx,,Marketing,⚠️ PARTIAL_DB
/case-manager/placements/page.tsx,placement_records,Marketing,✅ DB_ONLY
/case-manager/hours/page.tsx,,Marketing,⚠️ PARTIAL_DB
/case-manager/reports/wioa/page.tsx,applications;case_manager_assignments;placement_records;profiles;wioa_participant_records;wioa_participants,Marketing,✅ DB_ONLY
/case-manager/dashboard/page.tsx,case_manager_assignments;learner_credentials;placement_records;profiles;program_enrollments,Marketing,✅ DB_ONLY
/case-manager/candidates/page.tsx,profiles;program_enrollments,Marketing,✅ DB_ONLY
/case-manager/analytics/page.tsx,job_applications;job_postings,Marketing,✅ DB_ONLY
/case-manager/applications/page.tsx,job_applications;job_postings,Marketing,✅ DB_ONLY
/case-manager/participants/page.tsx,applications;case_manager_assignments;profiles;program_enrollments,Marketing,✅ DB_ONLY
/case-manager/participants/[id]/page.tsx,applications;case_manager_assignments;credentials;placement_records;profiles;program_enrollments;wioa_participants,Marketing,✅ DB_ONLY
/philanthropy/page.tsx,,Marketing,⚠️ PARTIAL_DB
/apply/page.tsx,programs,Marketing,✅ DB_ONLY
/apply/status/page.tsx,,Marketing,⚠️ PARTIAL_DB
/apply/program-holder/page.tsx,site_settings,Marketing,✅ DB_ONLY
/apply/program-holder/confirmation/page.tsx,,Marketing,⚠️ PARTIAL_DB
/apply/intake/page.tsx,,Marketing,⚠️ PARTIAL_DB
/apply/staff/page.tsx,site_settings,Marketing,✅ DB_ONLY
/apply/staff/success/page.tsx,page_views,Marketing,✅ DB_ONLY
/apply/success/page.tsx,,Marketing,⚠️ PARTIAL_DB
/apply/pending-workone/page.tsx,,Marketing,⚠️ PARTIAL_DB
/apply/employer/page.tsx,,Marketing,⚠️ PARTIAL_DB
/apply/employer/success/page.tsx,page_views,Marketing,✅ DB_ONLY
/apply/waitlist/[program]/page.tsx,,Marketing,⚠️ PARTIAL_DB
/apply/track/page.tsx,,Marketing,⚠️ PARTIAL_DB
/apply/inquiry-received/page.tsx,,Marketing,⚠️ PARTIAL_DB
/apply/confirmation/page.tsx,page_views,Marketing,✅ DB_ONLY
/apply/fssa/page.tsx,,Marketing,⚠️ PARTIAL_DB
/apply/fssa/waitlist/page.tsx,,Marketing,⚠️ PARTIAL_DB
/apply/student/page.tsx,,LMS,⚠️ PARTIAL_DB
/platform/page.tsx,,Marketing,⚠️ PARTIAL_DB
/platform/architecture/page.tsx,documentation,Marketing,✅ DB_ONLY
/platform/overview/page.tsx,pricing_plans,Marketing,✅ DB_ONLY
/platform/how-it-works/page.tsx,system_settings,Marketing,✅ DB_ONLY
/platform/workforce-boards/page.tsx,,Marketing,⚠️ PARTIAL_DB
/platform/verification/page.tsx,,Marketing,⚠️ PARTIAL_DB
/platform/licensing/page.tsx,system_settings,Marketing,✅ DB_ONLY
/platform/licensing/request/page.tsx,,Marketing,⚠️ PARTIAL_DB
/platform/[slug]/page.tsx,,Marketing,⚠️ PARTIAL_DB
/platform/student-portal/page.tsx,,Marketing,⚠️ PARTIAL_DB
/platform/student-portal/handbook/page.tsx,handbooks,Marketing,✅ DB_ONLY
/platform/managed/page.tsx,system_settings,Marketing,✅ DB_ONLY
/platform/partners/page.tsx,system_settings,Marketing,✅ DB_ONLY
/platform/standards/page.tsx,,Marketing,⚠️ PARTIAL_DB
/platform/partner-portal/page.tsx,platform_features,Marketing,✅ DB_ONLY
/platform/employer-portal/page.tsx,,Marketing,⚠️ PARTIAL_DB
/platform/sponsors/page.tsx,pricing_plans,Marketing,✅ DB_ONLY
/platform/enterprise/page.tsx,system_settings,Marketing,✅ DB_ONLY
/platform/apps/page.tsx,platform_apps,Marketing,✅ DB_ONLY
/platform/training-providers/page.tsx,,Marketing,⚠️ PARTIAL_DB
/platform/program-holders/page.tsx,pricing_plans,Marketing,✅ DB_ONLY
/platform/providers/page.tsx,,Marketing,⚠️ PARTIAL_DB
/platform/workforce-analytics/page.tsx,workforce_analytics,Marketing,✅ DB_ONLY
/parent-portal/page.tsx,parent_student_links,Marketing,✅ DB_ONLY
/parent-portal/dashboard/page.tsx,parent_student_links;profiles;program_enrollments,Marketing,✅ DB_ONLY
/blog/page.tsx,,Marketing,⚠️ PARTIAL_DB
/blog/[slug]/page.tsx,blog_posts,Marketing,✅ DB_ONLY
/blog/blog/page.tsx,blog_posts,Marketing,✅ DB_ONLY
/blog/blog/[slug]/page.tsx,blog_posts,Marketing,✅ DB_ONLY
/blog/blog/category/[category]/page.tsx,blog_posts,Marketing,✅ DB_ONLY
/blog/blog/author/[author]/page.tsx,blog_posts,Marketing,✅ DB_ONLY
/blog/category/[category]/page.tsx,blog_posts,Marketing,✅ DB_ONLY
/blog/author/[author]/page.tsx,blog_posts,Marketing,✅ DB_ONLY
/compliance/page.tsx,compliance_audits,Marketing,✅ DB_ONLY
/compliance/internship-agreement/page.tsx,,Marketing,⚠️ PARTIAL_DB
/compliance/ojt-training-plan/page.tsx,,Marketing,⚠️ PARTIAL_DB
/compliance/report/page.tsx,compliance_audits,Marketing,✅ DB_ONLY
/compliance/internship-evaluation/page.tsx,,Marketing,⚠️ PARTIAL_DB
/compliance/center/page.tsx,,Marketing,⚠️ PARTIAL_DB
/compliance/apprenticeship-structure/page.tsx,,Marketing,⚠️ PARTIAL_DB
/compliance/workforce-partnership-packet/page.tsx,,Marketing,⚠️ PARTIAL_DB
/compliance/credential-partners/page.tsx,,Marketing,⚠️ PARTIAL_DB
/compliance/competency-verification/page.tsx,,Marketing,⚠️ PARTIAL_DB
/compliance/competency-verification/cosmetology/page.tsx,,Marketing,⚠️ PARTIAL_DB
/compliance/competency-verification/cosmetology/monthly-ojt-evaluation/page.tsx,,Marketing,⚠️ PARTIAL_DB
/compliance/competency-verification/cosmetology/scoring-sheet/page.tsx,,Marketing,⚠️ PARTIAL_DB
/compliance/competency-verification/cosmetology/supervisor-verification/page.tsx,,Marketing,⚠️ PARTIAL_DB
/compliance/competency-verification/cosmetology/ojt-hours-log/page.tsx,,Marketing,⚠️ PARTIAL_DB
/compliance/competency-verification/cosmetology/final-signoff/page.tsx,,Marketing,⚠️ PARTIAL_DB
/compliance/competency-verification/cosmetology/apprenticeship-agreement/page.tsx,,Marketing,⚠️ PARTIAL_DB
/compliance/competency-verification/barber/page.tsx,,Marketing,⚠️ PARTIAL_DB
/compliance/competency-verification/barber/monthly-ojt-evaluation/page.tsx,,Marketing,⚠️ PARTIAL_DB
/compliance/competency-verification/barber/scoring-sheet/page.tsx,,Marketing,⚠️ PARTIAL_DB
/compliance/competency-verification/barber/supervisor-verification/page.tsx,,Marketing,⚠️ PARTIAL_DB
/compliance/competency-verification/barber/ojt-hours-log/page.tsx,,Marketing,⚠️ PARTIAL_DB
/compliance/competency-verification/barber/final-signoff/page.tsx,,Marketing,⚠️ PARTIAL_DB
/compliance/competency-verification/barber/apprenticeship-agreement/page.tsx,,Marketing,⚠️ PARTIAL_DB
/compliance/wioa/page.tsx,programs,Marketing,✅ DB_ONLY
/compliance/wioa/initial-eligibility-aggregate-performance/page.tsx,,Marketing,⚠️ PARTIAL_DB
/compliance/wioa/programs/[slug]/page.tsx,,Marketing,⚠️ PARTIAL_DB
/compliance/wioa/programs/[slug]/initial-eligibility-aggregate-performance/page.tsx,,Marketing,⚠️ PARTIAL_DB
/compliance/wioa/programs/[slug]/section-188-equal-opportunity-checklist/page.tsx,,Marketing,⚠️ PARTIAL_DB
/compliance/wioa/section-188-equal-opportunity-checklist/page.tsx,,Marketing,⚠️ PARTIAL_DB
/security-and-data-protection/page.tsx,,Marketing,⚠️ PARTIAL_DB
/reels/page.tsx,,Marketing,⚠️ PARTIAL_DB
/about/page.tsx,,Marketing,⚠️ PARTIAL_DB
/about/mission/page.tsx,,Marketing,⚠️ PARTIAL_DB
/about/mission/mission/page.tsx,,Marketing,⚠️ PARTIAL_DB
/about/team/page.tsx,,Marketing,⚠️ PARTIAL_DB
/about/team/team/page.tsx,,Marketing,⚠️ PARTIAL_DB
/about/team/team/sharon-douglass/page.tsx,,Marketing,⚠️ PARTIAL_DB
/about/team/team/elizabeth-greene/page.tsx,,Marketing,⚠️ PARTIAL_DB
/about/team/team/delores-reynolds/page.tsx,,Marketing,⚠️ PARTIAL_DB
/about/team/team/jozanna-george/page.tsx,,Marketing,⚠️ PARTIAL_DB
/about/team/team/[slug]/page.tsx,,Marketing,⚠️ PARTIAL_DB
/about/team/team/leslie-wafford/page.tsx,,Marketing,⚠️ PARTIAL_DB
/about/team/team/carlina-wilkes/page.tsx,,Marketing,⚠️ PARTIAL_DB
/about/team/team/carl-brown/page.tsx,,Marketing,⚠️ PARTIAL_DB
/about/team/team/clystjah-woodley/page.tsx,,Marketing,⚠️ PARTIAL_DB
/about/partners/page.tsx,,Marketing,⚠️ PARTIAL_DB
/about/partners/partners/page.tsx,partners,Marketing,✅ DB_ONLY
/esthetician-host-shop/page.tsx,,Marketing,⚠️ PARTIAL_DB
/pathways/page.tsx,,Marketing,⚠️ PARTIAL_DB
/pathways/outcomes/page.tsx,,Marketing,⚠️ PARTIAL_DB
/pathways/pathways/page.tsx,,Marketing,⚠️ PARTIAL_DB
/pathways/pathways/outcomes/page.tsx,programs,Marketing,✅ DB_ONLY
/pathways/pathways/[slug]/page.tsx,pathways,Marketing,✅ DB_ONLY
/pathways/pathways/training-model/page.tsx,,Marketing,⚠️ PARTIAL_DB
/pathways/training-model/page.tsx,,Marketing,⚠️ PARTIAL_DB
/workforce-partners/page.tsx,,Marketing,⚠️ PARTIAL_DB
/tax/[...path]/page.tsx,,Marketing,⚠️ PARTIAL_DB
/legal/page.tsx,,Marketing,⚠️ PARTIAL_DB
/legal/program-host-agreement/page.tsx,,Marketing,⚠️ PARTIAL_DB
/legal/eula/page.tsx,legal_documents,Marketing,✅ DB_ONLY
/legal/privacy/page.tsx,,Marketing,⚠️ PARTIAL_DB
/legal/disclosures/page.tsx,,Marketing,⚠️ PARTIAL_DB
/legal/participation-agreement/page.tsx,,Marketing,⚠️ PARTIAL_DB
/legal/license-agreement/page.tsx,legal_documents,Marketing,✅ DB_ONLY
/legal/mou/page.tsx,legal_documents,Marketing,✅ DB_ONLY
/legal/[slug]/page.tsx,,Marketing,⚠️ PARTIAL_DB
/legal/governance/page.tsx,legal_documents,Marketing,✅ DB_ONLY
/legal/governance/security/page.tsx,legal_documents,Marketing,✅ DB_ONLY
/legal/governance/lms-standards/page.tsx,legal_documents,Marketing,✅ DB_ONLY
/legal/governance/onboarding-ux/page.tsx,legal_documents,Marketing,✅ DB_ONLY
/legal/governance/store-payments/page.tsx,legal_documents,Marketing,✅ DB_ONLY
/legal/governance/compliance/page.tsx,legal_documents,Marketing,✅ DB_ONLY
/legal/governance/platform-overview/page.tsx,legal_documents,Marketing,✅ DB_ONLY
/legal/program-license-agreement/page.tsx,,Marketing,⚠️ PARTIAL_DB
/legal/marketplace-terms/page.tsx,legal_documents,Marketing,✅ DB_ONLY
/legal/acceptable-use/page.tsx,legal_documents,Marketing,✅ DB_ONLY
/legal/data-sharing/page.tsx,,Marketing,⚠️ PARTIAL_DB
/legal/enrollment-agreement/page.tsx,,Marketing,⚠️ PARTIAL_DB
/legal/employer-agreement/page.tsx,,Marketing,⚠️ PARTIAL_DB
/legal/ferpa-consent/page.tsx,,Marketing,⚠️ PARTIAL_DB
/legal/student-handbook/page.tsx,,Marketing,⚠️ PARTIAL_DB
/legal/partner-mou/page.tsx,,Marketing,⚠️ PARTIAL_DB
/legal/creator-agreement/page.tsx,legal_documents,Marketing,✅ DB_ONLY
/partner/page.tsx,,Marketing,⚠️ PARTIAL_DB
/partner/[...path]/page.tsx,,Marketing,⚠️ PARTIAL_DB
/partner/dashboard/page.tsx,barbershop_partner_applications;partner_users;profiles,Marketing,✅ DB_ONLY
/pricing/page.tsx,curriculum_licenses;programs;store_products,Marketing,✅ DB_ONLY
/pricing/sponsor-licensing/page.tsx,,Marketing,⚠️ PARTIAL_DB
/partners/page.tsx,,Marketing,⚠️ PARTIAL_DB
/partners/create-program/page.tsx,,Marketing,⚠️ PARTIAL_DB
/partners/training-sites/page.tsx,,Marketing,⚠️ PARTIAL_DB
/partners/jri/page.tsx,,Marketing,⚠️ PARTIAL_DB
/partners/barber-host-shop/page.tsx,,Marketing,⚠️ PARTIAL_DB
/partners/barber-host-shop/apply/page.tsx,programs,Marketing,✅ DB_ONLY
/partners/nail-host-shop/page.tsx,,Marketing,⚠️ PARTIAL_DB
/partners/esthetician-apprenticeship/apply/page.tsx,,Marketing,⚠️ PARTIAL_DB
/partners/nrf/page.tsx,,Marketing,⚠️ PARTIAL_DB
/partners/hsi/page.tsx,,Marketing,⚠️ PARTIAL_DB
/partners/cosmetology-host-shop/page.tsx,,Marketing,⚠️ PARTIAL_DB
/partners/cosmetology-host-shop/apply/page.tsx,,Marketing,⚠️ PARTIAL_DB
/partners/join/page.tsx,,Marketing,⚠️ PARTIAL_DB
/partners/training-provider/page.tsx,,Marketing,⚠️ PARTIAL_DB
/partners/reentry/page.tsx,,Marketing,⚠️ PARTIAL_DB
/partners/dashboard/page.tsx,,Marketing,⚠️ PARTIAL_DB
/partners/apply/page.tsx,,Marketing,⚠️ PARTIAL_DB
/partners/barbershop-apprenticeship/page.tsx,,Marketing,⚠️ PARTIAL_DB
/partners/esthetician-host-shop/page.tsx,,Marketing,⚠️ PARTIAL_DB
/partners/referral/page.tsx,,Marketing,⚠️ PARTIAL_DB
/partners/host-shops/page.tsx,,Marketing,⚠️ PARTIAL_DB
/partners/workforce/page.tsx,case_manager_assignments;placement_records;profiles;program_enrollments;programs,Marketing,✅ DB_ONLY
/partners/nail-technician-apprenticeship/apply/page.tsx,,Marketing,⚠️ PARTIAL_DB
/verify-email/page.tsx,,Marketing,⚠️ PARTIAL_DB
/refund-policy/page.tsx,legal_documents,Marketing,✅ DB_ONLY
/next-steps/page.tsx,,Marketing,⚠️ PARTIAL_DB
/transparency/page.tsx,,Marketing,⚠️ PARTIAL_DB
/settings/page.tsx,,Marketing,⚠️ PARTIAL_DB
/beauty-checkout/page.tsx,,Marketing,⚠️ PARTIAL_DB
/tuition-fees/page.tsx,programs,Marketing,✅ DB_ONLY
/documents/page.tsx,documents;employer_documents;enrollment_documents,Marketing,✅ DB_ONLY
/documents/upload/page.tsx,,Marketing,⚠️ PARTIAL_DB
/terms-of-service/page.tsx,,Marketing,⚠️ PARTIAL_DB
/instructional-framework/page.tsx,,Marketing,⚠️ PARTIAL_DB
/update-password/page.tsx,profiles,Marketing,✅ DB_ONLY
/ai-tutor/page.tsx,,Marketing,⚠️ PARTIAL_DB
/equal-opportunity/page.tsx,,Marketing,⚠️ PARTIAL_DB
/ferpa/page.tsx,applications;profiles;program_enrollments,Marketing,✅ DB_ONLY
/account/page.tsx,profiles,Marketing,✅ DB_ONLY
/account/licenses/page.tsx,user_licenses,Marketing,✅ DB_ONLY
/account/profile/page.tsx,users,Marketing,✅ DB_ONLY
/account/billing/page.tsx,profiles,Marketing,✅ DB_ONLY
/account/plan/page.tsx,,Marketing,⚠️ PARTIAL_DB
/account/settings/page.tsx,,Marketing,⚠️ PARTIAL_DB
/account/settings/security/page.tsx,,Marketing,⚠️ PARTIAL_DB
/account/settings/notifications/page.tsx,profiles,Marketing,✅ DB_ONLY
/account/addons/page.tsx,saas_addon_catalog,Marketing,✅ DB_ONLY
/account/payment-methods/page.tsx,,Marketing,⚠️ PARTIAL_DB
/account/invoices/page.tsx,,Marketing,⚠️ PARTIAL_DB
/writing-center/page.tsx,,Marketing,⚠️ PARTIAL_DB
/dmca/page.tsx,,Marketing,⚠️ PARTIAL_DB
/founder/page.tsx,,Marketing,⚠️ PARTIAL_DB
/industries/page.tsx,,Marketing,⚠️ PARTIAL_DB
/reset-password/page.tsx,,Marketing,⚠️ PARTIAL_DB
/banking/page.tsx,,Marketing,⚠️ PARTIAL_DB
/banking/direct-deposit/page.tsx,,Marketing,⚠️ PARTIAL_DB
/banking/prepaid-card/page.tsx,,Marketing,⚠️ PARTIAL_DB
/contact/page.tsx,,Marketing,⚠️ PARTIAL_DB
/contact/contact/page.tsx,,Marketing,⚠️ PARTIAL_DB
/site-map/page.tsx,,Marketing,⚠️ PARTIAL_DB
/site-map/site-map/page.tsx,,Marketing,⚠️ PARTIAL_DB
/certificates/page.tsx,,Marketing,⚠️ PARTIAL_DB
/certificates/verify/[certificateId]/page.tsx,module_certificates;program_completion_certificates,Marketing,✅ DB_ONLY
/certificates/[certificateId]/page.tsx,certificates,Marketing,✅ DB_ONLY
/accreditation/page.tsx,,Marketing,⚠️ PARTIAL_DB
/accreditation/accreditation/page.tsx,,Marketing,⚠️ PARTIAL_DB
/check-eligibility/page.tsx,,Marketing,⚠️ PARTIAL_DB
/check-eligibility/check-eligibility/page.tsx,,Marketing,⚠️ PARTIAL_DB
/analytics/page.tsx,profiles;program_completion_certificates;program_enrollments;programs,Marketing,✅ DB_ONLY
/microclasses/page.tsx,,Marketing,⚠️ PARTIAL_DB
/wioa-eligibility/page.tsx,,Marketing,⚠️ PARTIAL_DB
/wioa-eligibility/veterans/page.tsx,,Marketing,⚠️ PARTIAL_DB
/wioa-eligibility/low-income/page.tsx,,Marketing,⚠️ PARTIAL_DB
/wioa-eligibility/public-assistance/page.tsx,,Marketing,⚠️ PARTIAL_DB
/learning/page.tsx,,Marketing,⚠️ PARTIAL_DB
/ai-chat/page.tsx,,Marketing,⚠️ PARTIAL_DB
/ai-chat/ai-chat/page.tsx,,Marketing,⚠️ PARTIAL_DB
/testing/page.tsx,,Marketing,⚠️ PARTIAL_DB
/testing/for-employers/page.tsx,,Marketing,⚠️ PARTIAL_DB
/testing/[provider]/page.tsx,testing_providers,Marketing,✅ DB_ONLY
/testing/policies/page.tsx,,Marketing,⚠️ PARTIAL_DB
/testing/book/page.tsx,,Marketing,⚠️ PARTIAL_DB
/testing/accommodations/page.tsx,,Marketing,⚠️ PARTIAL_DB
/events/page.tsx,,Marketing,⚠️ PARTIAL_DB
/compare/page.tsx,,Marketing,⚠️ PARTIAL_DB
/workforce/dashboard/page.tsx,case_manager_assignments;placement_records;profiles;program_enrollments;programs,Marketing,✅ DB_ONLY
/workforce/participants/page.tsx,profiles,Marketing,✅ DB_ONLY
/scholarships/page.tsx,,Marketing,⚠️ PARTIAL_DB
/search/page.tsx,,Marketing,⚠️ PARTIAL_DB
/accept-invite/page.tsx,,Marketing,⚠️ PARTIAL_DB
/impact/page.tsx,,Marketing,⚠️ PARTIAL_DB
/impact/methodology/page.tsx,,Marketing,⚠️ PARTIAL_DB
/course-preview/hvac-technician/page.tsx,,Marketing,⚠️ PARTIAL_DB
/onboarding/page.tsx,profiles,Marketing,✅ DB_ONLY
/onboarding/instructor/page.tsx,,Marketing,⚠️ PARTIAL_DB
/onboarding/instructor/orientation/page.tsx,orientation_completions;profiles,Marketing,✅ DB_ONLY
/onboarding/instructor/agreement/page.tsx,license_agreement_acceptances;profiles,Marketing,✅ DB_ONLY
/onboarding/learner/page.tsx,applications;apprenticeship_programs;documents;handbook_acknowledgments;license_agreement_acceptances;orientation_completions;profiles;program_enrollments;programs,Marketing,✅ DB_ONLY
/onboarding/learner/schedule/page.tsx,profiles,Marketing,✅ DB_ONLY
/onboarding/learner/complete/page.tsx,profiles;program_enrollments,Marketing,✅ DB_ONLY
/onboarding/learner/agreements/page.tsx,,Marketing,⚠️ PARTIAL_DB
/onboarding/learner/handbook/page.tsx,,Marketing,⚠️ PARTIAL_DB
/onboarding/learner/verify-identity/page.tsx,documents,Marketing,✅ DB_ONLY
/onboarding/learner/funding/page.tsx,profiles,Marketing,✅ DB_ONLY
/onboarding/learner/orientation/page.tsx,onboarding_progress;orientation_completions;profiles;program_enrollments,Marketing,✅ DB_ONLY
/onboarding/learner/documents/page.tsx,secure_identity,Marketing,✅ DB_ONLY
/onboarding/staff/page.tsx,,Marketing,⚠️ PARTIAL_DB
/onboarding/handbook/page.tsx,handbook_acknowledgments,Marketing,✅ DB_ONLY
/onboarding/start/page.tsx,onboarding_documents;onboarding_packets;onboarding_progress;onboarding_signatures;payroll_profiles;profiles,Marketing,✅ DB_ONLY
/onboarding/payroll-setup/page.tsx,profiles,Marketing,✅ DB_ONLY
/onboarding/mou/page.tsx,license_agreement_acceptances;profiles,Marketing,✅ DB_ONLY
/onboarding/employer/page.tsx,,Marketing,⚠️ PARTIAL_DB
/onboarding/employer/hiring-needs/page.tsx,employer_onboarding;employers;profiles,Marketing,✅ DB_ONLY
/onboarding/employer/orientation/page.tsx,employer_onboarding_progress,Marketing,✅ DB_ONLY
/onboarding/legal/page.tsx,license_agreement_acceptances;profiles;user_onboarding_status,Marketing,✅ DB_ONLY
/onboarding/school/page.tsx,documents;handbook_acknowledgments;mou_agreements;profiles,Marketing,✅ DB_ONLY
/onboarding/school/orientation/page.tsx,profiles,Marketing,✅ DB_ONLY
/tenant-site/[[...slug]]/page.tsx,,Marketing,⚠️ PARTIAL_DB
/resources/page.tsx,,Marketing,⚠️ PARTIAL_DB
/resources/instructor-training/page.tsx,,Marketing,⚠️ PARTIAL_DB
/resources/resources/page.tsx,,Marketing,⚠️ PARTIAL_DB
/resources/resources/instructor-training/page.tsx,,Marketing,⚠️ PARTIAL_DB
/apps/page.tsx,,Marketing,⚠️ PARTIAL_DB
/apps/sam-gov/page.tsx,sam_alerts;sam_documents;sam_entities;user_app_subscriptions,Marketing,✅ DB_ONLY
/apps/sam-gov/start-trial/page.tsx,user_app_subscriptions,Marketing,✅ DB_ONLY
/apps/grants/page.tsx,grant_applications;grant_opportunities;user_app_subscriptions;user_saved_grants,Marketing,✅ DB_ONLY
/apps/grants/start-trial/page.tsx,user_app_subscriptions,Marketing,✅ DB_ONLY
/apps/website-builder/page.tsx,user_app_subscriptions;user_websites,Marketing,✅ DB_ONLY
/apps/website-builder/edit/[websiteId]/page.tsx,user_websites,Marketing,✅ DB_ONLY
/apps/website-builder/start-trial/page.tsx,user_app_subscriptions,Marketing,✅ DB_ONLY
/(marketing)/employers/page.tsx,,Marketing,⚠️ PARTIAL_DB
/(marketing)/paris-ai/page.tsx,,Marketing,⚠️ PARTIAL_DB
/(marketing)/dev-studio/page.tsx,,Marketing,⚠️ PARTIAL_DB
/(marketing)/course-factory/page.tsx,,Marketing,⚠️ PARTIAL_DB
/(marketing)/students/page.tsx,,Marketing,⚠️ PARTIAL_DB
/billing-required/page.tsx,,Marketing,⚠️ PARTIAL_DB
/start-trial/page.tsx,,Marketing,⚠️ PARTIAL_DB
/credential/page.tsx,,Marketing,⚠️ PARTIAL_DB
/(auth)/invite/page.tsx,,Marketing,⚠️ PARTIAL_DB
/(auth)/invite/[token]/page.tsx,,Marketing,⚠️ PARTIAL_DB
/educatorhub/page.tsx,,Marketing,⚠️ PARTIAL_DB
/partner-directory/page.tsx,,Marketing,⚠️ PARTIAL_DB
/partner-learning/[enrollmentId]/page.tsx,partner_lms_enrollments,Marketing,✅ DB_ONLY
/for-students/page.tsx,,Marketing,⚠️ PARTIAL_DB
/for-students/for-students/page.tsx,,Marketing,⚠️ PARTIAL_DB
/academic-calendar/page.tsx,,Marketing,⚠️ PARTIAL_DB
/community-services-indiana/page.tsx,,Marketing,⚠️ PARTIAL_DB
/(public)/p/[slug]/page.tsx,,Marketing,⚠️ PARTIAL_DB
/verify/page.tsx,,Marketing,⚠️ PARTIAL_DB
/verify/verify/page.tsx,,Marketing,⚠️ PARTIAL_DB
/verify/verify/[certificateId]/page.tsx,certificates;module_certificates;partner_certificates;program_completion_certificates,Marketing,✅ DB_ONLY
/alumni/page.tsx,,Marketing,⚠️ PARTIAL_DB
/leaderboard/page.tsx,user_points,Marketing,✅ DB_ONLY
/satisfactory-academic-progress/page.tsx,,Marketing,⚠️ PARTIAL_DB
/host-shop/page.tsx,,Marketing,⚠️ PARTIAL_DB
/host-shop/login/page.tsx,partner_users;profiles,Marketing,✅ DB_ONLY
/host-shop/dashboard/page.tsx,barbershop_partner_applications;partner_users;profiles,Marketing,✅ DB_ONLY
/host-shop/dashboard/attendance/page.tsx,attendance_sessions;partner_attendance;partner_users;profiles,Marketing,✅ DB_ONLY
/host-shop/dashboard/attendance/record/page.tsx,apprentice_placements;lms_courses;partner_users;profiles,Marketing,✅ DB_ONLY
/host-shop/dashboard/schedule/page.tsx,,Marketing,⚠️ PARTIAL_DB
/host-shop/dashboard/subscription/page.tsx,,Marketing,⚠️ PARTIAL_DB
/host-shop/dashboard/hours/page.tsx,,Marketing,⚠️ PARTIAL_DB
/host-shop/dashboard/hours/pending/page.tsx,,Marketing,⚠️ PARTIAL_DB
/host-shop/dashboard/messages/page.tsx,me;them,Marketing,✅ DB_ONLY
/host-shop/dashboard/profile/page.tsx,,Marketing,⚠️ PARTIAL_DB
/host-shop/dashboard/reports/page.tsx,,Marketing,⚠️ PARTIAL_DB
/host-shop/dashboard/competencies/page.tsx,,Marketing,⚠️ PARTIAL_DB
/host-shop/dashboard/board/page.tsx,profiles,Marketing,✅ DB_ONLY
/host-shop/dashboard/programs/page.tsx,partner_program_access;partner_users;profiles;programs,Marketing,✅ DB_ONLY
/host-shop/dashboard/programs/[program]/page.tsx,partner_users;profiles;programs,Marketing,✅ DB_ONLY
/host-shop/dashboard/programs/[program]/edit/page.tsx,,Marketing,⚠️ PARTIAL_DB
/host-shop/dashboard/store/page.tsx,,Marketing,⚠️ PARTIAL_DB
/host-shop/dashboard/students/page.tsx,,Marketing,⚠️ PARTIAL_DB
/host-shop/dashboard/settings/page.tsx,partner_users;partners;profiles,Marketing,✅ DB_ONLY
/host-shop/dashboard/documents/page.tsx,,Marketing,⚠️ PARTIAL_DB
/host-shop/dashboard/apprentices/page.tsx,,Marketing,⚠️ PARTIAL_DB
/host-shop/dashboard/apprentices/new/page.tsx,,Marketing,⚠️ PARTIAL_DB
/host-shop/apply/page.tsx,,Marketing,⚠️ PARTIAL_DB
/host-shop/onboarding/page.tsx,,Marketing,⚠️ PARTIAL_DB
/mobile/page.tsx,,Marketing,⚠️ PARTIAL_DB
/consumer-disclosures/page.tsx,,Marketing,⚠️ PARTIAL_DB
/webinars/page.tsx,,Marketing,⚠️ PARTIAL_DB
/fssa/page.tsx,,Marketing,⚠️ PARTIAL_DB
/fssa/tpp-survey/page.tsx,,Marketing,⚠️ PARTIAL_DB
/employment-support/page.tsx,,Marketing,⚠️ PARTIAL_DB
/reset/page.tsx,,Marketing,⚠️ PARTIAL_DB
/reset/done/page.tsx,page_views,Marketing,✅ DB_ONLY
/for-agencies/page.tsx,,Marketing,⚠️ PARTIAL_DB
/white-label/page.tsx,,Marketing,⚠️ PARTIAL_DB
/eligibility/page.tsx,,Marketing,⚠️ PARTIAL_DB
/eligibility/quiz/page.tsx,,Marketing,⚠️ PARTIAL_DB
/inquiry/page.tsx,,Marketing,⚠️ PARTIAL_DB
/schedule-consultation/page.tsx,,Marketing,⚠️ PARTIAL_DB
/apprenticeship-sponsor/page.tsx,,Marketing,⚠️ PARTIAL_DB
/lms/page.tsx,,LMS,⚠️ PARTIAL_DB
/lms/courses/page.tsx,,LMS,⚠️ PARTIAL_DB
/lms/(app)/learning-paths/page.tsx,courses;profiles;program_enrollments;student_progress,LMS,✅ DB_ONLY
/lms/(app)/collaborate/page.tsx,,LMS,⚠️ PARTIAL_DB
/lms/(app)/collaborate/documents/page.tsx,shared_documents,LMS,✅ DB_ONLY
/lms/(app)/collaborate/meetings/page.tsx,profiles;study_sessions,LMS,✅ DB_ONLY
/lms/(app)/attendance/page.tsx,attendance_hours;program_enrollments,LMS,✅ DB_ONLY
/lms/(app)/grades/page.tsx,assignment_submissions;courses;profiles;program_enrollments;quiz_attempts,LMS,✅ DB_ONLY
/lms/(app)/support/page.tsx,support_tickets,LMS,✅ DB_ONLY
/lms/(app)/schedule/page.tsx,courses;program_enrollments,LMS,✅ DB_ONLY
/lms/(app)/enroll/page.tsx,lms_courses;partner_lms_courses;partner_lms_enrollments;program_enrollments,LMS,✅ DB_ONLY
/lms/(app)/achievements/page.tsx,certificates;courses;profiles;program_enrollments;quiz_attempts;student_progress;user_badges,LMS,✅ DB_ONLY
/lms/(app)/placement/page.tsx,profiles,LMS,✅ DB_ONLY
/lms/(app)/help/page.tsx,,LMS,⚠️ PARTIAL_DB
/lms/(app)/certification/page.tsx,certificates;credential_attempts;lms_courses;program_enrollments,LMS,✅ DB_ONLY
/lms/(app)/adaptive/page.tsx,,LMS,⚠️ PARTIAL_DB
/lms/(app)/calendar/page.tsx,assignments;calendar_events;courses;program_enrollments,LMS,✅ DB_ONLY
/lms/(app)/progress/page.tsx,courses;program_enrollments;student_progress,LMS,✅ DB_ONLY
/lms/(app)/messages/page.tsx,messages,LMS,✅ DB_ONLY
/lms/(app)/messages/instructor/page.tsx,messages,LMS,✅ DB_ONLY
/lms/(app)/messages/career/page.tsx,messages,LMS,✅ DB_ONLY
/lms/(app)/profile/page.tsx,certificates;profiles;program_enrollments,LMS,✅ DB_ONLY
/lms/(app)/video/page.tsx,videos,LMS,✅ DB_ONLY
/lms/(app)/peer-review/page.tsx,,LMS,⚠️ PARTIAL_DB
/lms/(app)/files/page.tsx,user_files,LMS,✅ DB_ONLY
/lms/(app)/programs/page.tsx,program_enrollments,LMS,✅ DB_ONLY
/lms/(app)/enrollment-pending/page.tsx,profiles;program_enrollments,LMS,✅ DB_ONLY
/lms/(app)/notifications/page.tsx,notifications,LMS,✅ DB_ONLY
/lms/(app)/badges/page.tsx,badges;forum_posts;program_enrollments;quiz_attempts;user_badges,LMS,✅ DB_ONLY
/lms/(app)/portfolio/page.tsx,certificates;courses;profiles;program_enrollments,LMS,✅ DB_ONLY
/lms/(app)/assignments/page.tsx,assignment_submissions;assignments;program_enrollments,LMS,✅ DB_ONLY
/lms/(app)/orientation/page.tsx,profiles,LMS,✅ DB_ONLY
/lms/(app)/dashboard/page.tsx,applications;certificates;course_lessons;external_course_completions;lesson_progress;payment_logs;program_enrollments;program_external_courses;quiz_attempts,LMS,✅ DB_ONLY
/lms/(app)/integrations/page.tsx,courses;profiles;program_enrollments;student_progress,LMS,✅ DB_ONLY
/lms/(app)/apply/page.tsx,programs,LMS,✅ DB_ONLY
/lms/(app)/apply/status/page.tsx,applications,LMS,✅ DB_ONLY
/lms/(app)/library/page.tsx,course_materials;courses;library_resources;program_enrollments;resource_bookmarks,LMS,✅ DB_ONLY
/lms/(app)/chat/page.tsx,messages;profiles,LMS,✅ DB_ONLY
/lms/(app)/scorm/page.tsx,scorm_packages;scorm_progress,LMS,✅ DB_ONLY
/lms/(app)/settings/page.tsx,profiles,LMS,✅ DB_ONLY
/lms/(app)/settings/profile/page.tsx,profiles,LMS,✅ DB_ONLY
/lms/(app)/settings/billing/page.tsx,invoices;payment_methods;profiles,LMS,✅ DB_ONLY
/lms/(app)/settings/data/page.tsx,,LMS,⚠️ PARTIAL_DB
/lms/(app)/settings/notifications/page.tsx,profiles,LMS,✅ DB_ONLY
/lms/(app)/certificates/page.tsx,certificates;profiles;transcripts,LMS,✅ DB_ONLY
/lms/(app)/analytics/page.tsx,assignment_submissions;courses;program_enrollments;quiz_attempts;student_progress,LMS,✅ DB_ONLY
/lms/(app)/resources/page.tsx,,LMS,⚠️ PARTIAL_DB
/lms/(app)/payments/page.tsx,payment_logs;program_enrollments,LMS,✅ DB_ONLY
/lms/(app)/payments/checkout/page.tsx,,LMS,⚠️ PARTIAL_DB
/lms/(app)/leaderboard/page.tsx,,LMS,⚠️ PARTIAL_DB
/lms/(app)/quizzes/page.tsx,program_enrollments;quiz_attempts;quizzes,LMS,✅ DB_ONLY
/lms/login/page.tsx,,LMS,⚠️ PARTIAL_DB
/lms/ai-tutor/page.tsx,,LMS,⚠️ PARTIAL_DB
/license/page.tsx,,Marketing,⚠️ PARTIAL_DB
/license/features/page.tsx,,Marketing,⚠️ PARTIAL_DB
/license/integrations/page.tsx,,Marketing,⚠️ PARTIAL_DB
/license/pricing/page.tsx,faqs;license_tiers,Marketing,✅ DB_ONLY